jobtitle,company,city,state,Hadoop,Spark,R,SAS,Stata,Java,Perl,Python,SQL,NoSQL,Tableau,Excel,Machine Learning,Amazon Web Service
Data Science Program Manager,NORTHROP GRUMMAN,Herndon,VA,FALSE,FALSE,FALSE,FALSE,FALSE,FALSE,FALSE,FALSE,FALSE,FALSE,FALSE,FALSE,FALSE,FALSE
"Data Science Development Programme Associate - Dublin, Ireland",UnitedHealth Group,Dublin,Dublin,FALSE,FALSE,FALSE,FALSE,FALSE,FALSE,FALSE,FALSE,FALSE,FALSE,FALSE,FALSE,FALSE,FALSE
"R&D, Data Science, Analytics (Experienced)",Sandia National Laboratories,Albuquerque,NM,FALSE,FALSE,TRUE,TRUE,FALSE,TRUE,FALSE,TRUE,FALSE,FALSE,FALSE,FALSE,FALSE,FALSE
Director of Data Science,NCSA Sports,Chicago,IL,FALSE,TRUE,TRUE,FALSE,FALSE,FALSE,FALSE,TRUE,TRUE,FALSE,FALSE,FALSE,TRUE,FALSE
Data Science Engineer,Open Systems Technologies,Chicago,IL,FALSE,FALSE,FALSE,FALSE,FALSE,FALSE,FALSE,TRUE,FALSE,FALSE,FALSE,FALSE,FALSE,FALSE
Senior Business Systems Analyst - Data Science & Analytics,C F Industries,Deerfield,IL,FALSE,FALSE,TRUE,TRUE,FALSE,FALSE,FALSE,TRUE,TRUE,FALSE,TRUE,FALSE,FALSE,FALSE
Director of Data Science,Quicken Loans Inc.,Detroit,MI,TRUE,FALSE,TRUE,TRUE,FALSE,TRUE,FALSE,TRUE,TRUE,FALSE,FALSE,FALSE,FALSE,FALSE
Data Science Librarian,Harris Corporation,Herndon,VA,FALSE,FALSE,FALSE,FALSE,FALSE,FALSE,FALSE,FALSE,FALSE,FALSE,FALSE,FALSE,FALSE,FALSE
Sr Software Engineer (Data Science),"T. Rowe Price Associates, Inc",Baltimore,MD,FALSE,FALSE,FALSE,FALSE,FALSE,TRUE,FALSE,TRUE,FALSE,FALSE,FALSE,FALSE,FALSE,TRUE
Manager of Data Science and Marketing Technology,Harvey Nash Inc.,Parsippany,NJ,TRUE,FALSE,TRUE,TRUE,FALSE,FALSE,FALSE,TRUE,TRUE,TRUE,FALSE,FALSE,FALSE,FALSE
"Vice President - Data Science, Roaming",Lawrence Harvey,San Francisco,CA,FALSE,FALSE,FALSE,FALSE,FALSE,FALSE,FALSE,FALSE,FALSE,FALSE,FALSE,FALSE,FALSE,FALSE
"Director, Data Science",CyberCoders,San Francisco,CA,FALSE,FALSE,FALSE,FALSE,FALSE,FALSE,FALSE,FALSE,FALSE,FALSE,FALSE,FALSE,TRUE,FALSE
"Senior Manager, Analytics and Data Science","Titan Technologies, Inc.",Las Vegas,NV,FALSE,FALSE,TRUE,TRUE,FALSE,TRUE,FALSE,TRUE,TRUE,FALSE,TRUE,FALSE,FALSE,FALSE
Business Engagement Leader - Data Science & Analytics,eHire,Phoenix,AZ,FALSE,FALSE,FALSE,FALSE,FALSE,FALSE,FALSE,FALSE,FALSE,FALSE,FALSE,FALSE,FALSE,FALSE
Data Science Engineer,Payette Group,San Francisco,CA,FALSE,FALSE,FALSE,FALSE,FALSE,FALSE,FALSE,TRUE,FALSE,FALSE,FALSE,FALSE,FALSE,FALSE
Data Science Director,Strategic IT Staffing,San Diego,CA,FALSE,FALSE,TRUE,FALSE,FALSE,FALSE,FALSE,TRUE,TRUE,FALSE,FALSE,FALSE,TRUE,FALSE
Medical Economics Data Science Analyst,xScion Solutions,New York,NY,FALSE,FALSE,TRUE,TRUE,FALSE,TRUE,FALSE,TRUE,TRUE,FALSE,TRUE,FALSE,FALSE,FALSE
Senior Data Science Consultant,Collabera,Chicago,IL,FALSE,FALSE,FALSE,FALSE,FALSE,FALSE,FALSE,FALSE,FALSE,FALSE,FALSE,FALSE,TRUE,FALSE
Director of Consumer Data Science,Career Techniques,New York,NY,FALSE,FALSE,FALSE,FALSE,FALSE,FALSE,FALSE,FALSE,TRUE,FALSE,FALSE,FALSE,FALSE,FALSE
"Manager of Data Science - Python, Pandas, Numpy",Kforce Inc.,New York,NY,FALSE,TRUE,TRUE,FALSE,FALSE,TRUE,FALSE,TRUE,TRUE,FALSE,FALSE,FALSE,TRUE,FALSE
Data Science Manager,"Zenith Systems, Inc.",Tampa,FL,FALSE,TRUE,TRUE,TRUE,FALSE,FALSE,FALSE,TRUE,TRUE,FALSE,FALSE,FALSE,FALSE,FALSE
Senior Data Science Manager Series B,Source Coders,San Francisco,CA,FALSE,FALSE,TRUE,FALSE,FALSE,FALSE,FALSE,TRUE,FALSE,FALSE,FALSE,FALSE,TRUE,FALSE
Data Science Manager,The Judge Group,Tampa,FL,FALSE,TRUE,TRUE,TRUE,FALSE,FALSE,FALSE,TRUE,TRUE,FALSE,FALSE,FALSE,FALSE,FALSE
Sr. Machine Learning Engineer / Head of Data Science (A.I. Startup),Skyrocket Ventures,San Francisco,CA,FALSE,FALSE,TRUE,FALSE,FALSE,FALSE,FALSE,TRUE,TRUE,FALSE,FALSE,FALSE,TRUE,FALSE
Senior Software Engineer (Data Science),TeamSoft,Chicago,IL,FALSE,FALSE,FALSE,FALSE,FALSE,TRUE,FALSE,TRUE,FALSE,FALSE,FALSE,FALSE,FALSE,FALSE
Data Science Engineer,"Sysintelli, Inc.",San Diego,CA,FALSE,FALSE,TRUE,FALSE,FALSE,TRUE,FALSE,TRUE,TRUE,FALSE,FALSE,FALSE,TRUE,TRUE
Data/Data Science & AI - Artificial Intelligence trainers,Peak Experience LLC,New York,NY,FALSE,FALSE,FALSE,FALSE,FALSE,FALSE,FALSE,FALSE,FALSE,FALSE,FALSE,FALSE,FALSE,FALSE
Data Science Consultant with Spark,Resource Informatics Group Inc,Bellevue,WA,FALSE,TRUE,TRUE,FALSE,FALSE,FALSE,FALSE,TRUE,FALSE,FALSE,FALSE,FALSE,FALSE,FALSE
Data Science Intern,Pegasus Knowledge Solutions,Schaumburg,IL,FALSE,FALSE,TRUE,TRUE,FALSE,FALSE,FALSE,FALSE,FALSE,FALSE,TRUE,FALSE,FALSE,FALSE
Data Science Analyst,Systems Technology Group Inc. (STG),Dearborn,MI,FALSE,FALSE,FALSE,FALSE,FALSE,FALSE,FALSE,FALSE,TRUE,FALSE,FALSE,FALSE,FALSE,FALSE
Director of Data Science and Engineering,Shulman Fleming & Partners,Jenkintown,PA,TRUE,TRUE,FALSE,FALSE,FALSE,FALSE,TRUE,TRUE,FALSE,FALSE,FALSE,FALSE,TRUE,FALSE
Data Science Application Developer,HALLMARK GLOBAL TECHNOLOGIES INC,Allentown,PA,TRUE,TRUE,TRUE,FALSE,FALSE,FALSE,FALSE,FALSE,TRUE,TRUE,FALSE,FALSE,FALSE,FALSE
"MD, Head of Data Science",S&P Global Ratings,New York,NY,FALSE,FALSE,TRUE,FALSE,FALSE,FALSE,FALSE,TRUE,TRUE,FALSE,TRUE,FALSE,TRUE,FALSE
"Director, Data Science & Product Management - Fulltime position",Paxton Consultants,New York City,NY,TRUE,TRUE,FALSE,FALSE,FALSE,TRUE,FALSE,TRUE,FALSE,FALSE,FALSE,FALSE,TRUE,FALSE
"Sr. JAVA Software Engineer (big data/science, Learning Opportunity!)",Advancement Alternatives,Waltham,MA,TRUE,FALSE,FALSE,FALSE,FALSE,TRUE,FALSE,FALSE,FALSE,TRUE,FALSE,FALSE,TRUE,FALSE
Business Analyst with Campaigning and Data Science - Remote Opportunity,Palnar,Duluth,MN,TRUE,FALSE,TRUE,TRUE,FALSE,FALSE,FALSE,FALSE,TRUE,FALSE,TRUE,TRUE,FALSE,FALSE
Data Scientist (mid-level),Sony Interactive Entertainment (SIE),San Diego,CA,FALSE,FALSE,TRUE,FALSE,FALSE,FALSE,FALSE,FALSE,TRUE,FALSE,TRUE,FALSE,FALSE,FALSE
Senior Data Scientist,Ticketmaster,Hollywood,CA,TRUE,TRUE,FALSE,FALSE,FALSE,TRUE,FALSE,TRUE,TRUE,FALSE,FALSE,FALSE,TRUE,FALSE
Advanced Analytics Senior Analyst,"Presidio Networked Solutions Group, LLC",Chicago,IL,FALSE,FALSE,FALSE,TRUE,FALSE,FALSE,FALSE,FALSE,TRUE,FALSE,FALSE,FALSE,FALSE,FALSE
Director of Data Analytics,Canisius college,Buffalo,NY,FALSE,FALSE,FALSE,FALSE,FALSE,FALSE,FALSE,FALSE,FALSE,FALSE,FALSE,FALSE,FALSE,FALSE
Data Scientist,Resource Systems Group Inc.,White River Junction,VT,FALSE,FALSE,TRUE,FALSE,FALSE,FALSE,FALSE,TRUE,TRUE,FALSE,FALSE,FALSE,FALSE,FALSE
Data Scientist,"IBG, LLC",Greenwich,CT,FALSE,FALSE,FALSE,FALSE,FALSE,FALSE,FALSE,FALSE,FALSE,FALSE,FALSE,FALSE,FALSE,FALSE
Senior Data Engineer,"Meridian, Aruba HPE",Portland,OR,FALSE,FALSE,TRUE,FALSE,FALSE,TRUE,FALSE,TRUE,FALSE,FALSE,FALSE,FALSE,FALSE,FALSE
BA/ System Analyst,E-Solutions Inc,Dallas,TX,FALSE,FALSE,FALSE,FALSE,FALSE,TRUE,FALSE,TRUE,FALSE,FALSE,FALSE,FALSE,TRUE,FALSE
Data Analytics Engineer,e-Bit Consulting,Chicago,IL,FALSE,FALSE,TRUE,FALSE,FALSE,FALSE,FALSE,TRUE,TRUE,FALSE,FALSE,FALSE,TRUE,FALSE
Sr. Data Scientist Analyst,Software Tech Enterprises,Woodlawn,MD,FALSE,FALSE,TRUE,TRUE,FALSE,FALSE,FALSE,FALSE,TRUE,FALSE,FALSE,FALSE,FALSE,FALSE
Senior Data Scientist - Advanced Analytics Team - Tulsa,Certus Solutions LLC,Tulsa,OK,TRUE,TRUE,TRUE,FALSE,FALSE,TRUE,FALSE,TRUE,TRUE,FALSE,FALSE,FALSE,TRUE,FALSE
Data Scientist - Full Scope Poly,WSI Nationwide,Reston,VA,FALSE,FALSE,FALSE,FALSE,FALSE,FALSE,FALSE,FALSE,FALSE,FALSE,FALSE,FALSE,FALSE,FALSE
Data Scientist --- business development/marketing/sales support,TRIAD Group,Seattle,WA,FALSE,FALSE,TRUE,TRUE,FALSE,FALSE,FALSE,TRUE,TRUE,FALSE,FALSE,FALSE,FALSE,FALSE
Principal Data Pipeline Software Engineer - Enterprise Cloud,Cerebral Connections,Santa Clara,CA,TRUE,TRUE,FALSE,FALSE,FALSE,TRUE,FALSE,TRUE,TRUE,FALSE,FALSE,FALSE,FALSE,FALSE
Data Engineer,Trident Consulting Inc.,Nyc,NY,FALSE,FALSE,FALSE,FALSE,FALSE,FALSE,FALSE,TRUE,FALSE,FALSE,FALSE,FALSE,TRUE,FALSE
Data Scientist - Retail / eCommerce,"Project One, Inc.",Union,NJ,FALSE,FALSE,FALSE,TRUE,FALSE,FALSE,FALSE,FALSE,TRUE,FALSE,FALSE,FALSE,TRUE,FALSE
Data Scientist,Mumba Technologies,Milpitas,CA,FALSE,FALSE,TRUE,FALSE,FALSE,TRUE,FALSE,TRUE,TRUE,TRUE,FALSE,FALSE,TRUE,FALSE
Data Scientist,Hyatt Leader,New York,NY,FALSE,FALSE,TRUE,FALSE,FALSE,FALSE,FALSE,TRUE,FALSE,FALSE,FALSE,FALSE,FALSE,FALSE
Data Scientist/Quant (Hedge Fund),Averity,New York,NY,FALSE,FALSE,TRUE,FALSE,FALSE,FALSE,FALSE,TRUE,FALSE,FALSE,FALSE,FALSE,FALSE,FALSE
Head of Data and Analytics,KDR Recruitment Ltd,New York,NY,FALSE,FALSE,FALSE,FALSE,FALSE,FALSE,FALSE,TRUE,FALSE,FALSE,FALSE,FALSE,FALSE,FALSE
Data Scientist,Eros Technologies Inc.,New York,NY,FALSE,FALSE,FALSE,FALSE,FALSE,FALSE,FALSE,FALSE,FALSE,FALSE,FALSE,FALSE,TRUE,FALSE
Data Scientist,Blue Ocean Ventures,Hoboken,NJ,TRUE,FALSE,FALSE,FALSE,FALSE,FALSE,FALSE,FALSE,FALSE,FALSE,FALSE,FALSE,TRUE,FALSE
"1700003627 VP, Visualization, Reporting & Analytic Platform (L12)",Synchrony Financial,Chicago,IL,FALSE,FALSE,TRUE,TRUE,FALSE,FALSE,FALSE,TRUE,FALSE,FALSE,TRUE,FALSE,FALSE,FALSE
Director of Software Engineering,ExpertHiring,Reston,VA,TRUE,TRUE,TRUE,FALSE,FALSE,TRUE,FALSE,TRUE,FALSE,FALSE,FALSE,FALSE,FALSE,FALSE
Management Analyst,REI Systems,Sterling,VA,FALSE,FALSE,FALSE,FALSE,FALSE,FALSE,FALSE,FALSE,FALSE,FALSE,FALSE,TRUE,FALSE,FALSE
Data Scientist - Hadoop,Ztek Consulting,Deerfield,IL,TRUE,TRUE,TRUE,FALSE,FALSE,FALSE,FALSE,TRUE,TRUE,FALSE,FALSE,FALSE,FALSE,FALSE
Senior Data Scientist,FuseGlobal Partners,Chesterfield,MO,TRUE,FALSE,TRUE,TRUE,FALSE,FALSE,FALSE,TRUE,TRUE,TRUE,FALSE,FALSE,FALSE,FALSE
Data Scientist,Information Technology Group,Kansas City,MO,FALSE,FALSE,FALSE,FALSE,FALSE,FALSE,FALSE,FALSE,FALSE,FALSE,FALSE,FALSE,TRUE,FALSE
Data Scientist,Reliable Software Resources,Lincolnshire,IL,FALSE,FALSE,TRUE,FALSE,FALSE,FALSE,FALSE,TRUE,FALSE,FALSE,FALSE,FALSE,FALSE,FALSE
Data Scientist,Platinum Enterprise Solutions,Sunnyvale,CA,FALSE,FALSE,TRUE,FALSE,FALSE,TRUE,FALSE,TRUE,TRUE,FALSE,TRUE,FALSE,FALSE,FALSE
Power BI with Google Data Studio Developer,Apidel Technologies,Chicago,IL,TRUE,FALSE,TRUE,FALSE,FALSE,FALSE,FALSE,FALSE,TRUE,FALSE,TRUE,FALSE,TRUE,FALSE
GRC Data Specialist,First Genesis,Spring,TX,FALSE,FALSE,FALSE,FALSE,FALSE,FALSE,FALSE,FALSE,TRUE,FALSE,TRUE,FALSE,FALSE,FALSE
Lead Data Engineer,Arthur Lawrence,Irvine,CA,TRUE,TRUE,TRUE,FALSE,FALSE,TRUE,FALSE,TRUE,TRUE,FALSE,FALSE,FALSE,FALSE,FALSE
Senior Data Scientist,Will-N-Able,Washington,DC,FALSE,FALSE,FALSE,FALSE,FALSE,FALSE,FALSE,TRUE,TRUE,FALSE,FALSE,FALSE,TRUE,FALSE
Data Scientist,MARRS Professional Services Inc,Hopewell,NJ,FALSE,FALSE,TRUE,FALSE,FALSE,FALSE,FALSE,TRUE,FALSE,FALSE,FALSE,FALSE,TRUE,FALSE
Software Engineer (DATA) - Python,Visiont,Des Moines,IA,FALSE,FALSE,FALSE,FALSE,FALSE,FALSE,FALSE,TRUE,FALSE,FALSE,FALSE,FALSE,FALSE,FALSE
Data scientist,Cognilytics,Milpitas,CA,FALSE,FALSE,FALSE,FALSE,FALSE,FALSE,FALSE,FALSE,FALSE,FALSE,FALSE,FALSE,FALSE,FALSE
QA Engineer/Technologist,"Maxsys Solutions, LLC",Ft. Worth,TX,FALSE,FALSE,FALSE,FALSE,FALSE,TRUE,FALSE,FALSE,TRUE,FALSE,FALSE,FALSE,FALSE,FALSE
Business Analytics & Visualization Analyst,Experis,The Woodlands,TX,FALSE,FALSE,FALSE,FALSE,FALSE,FALSE,FALSE,FALSE,FALSE,FALSE,TRUE,FALSE,FALSE,FALSE
Business Analyst,Talus Partners,Enfield,CT,FALSE,FALSE,FALSE,FALSE,FALSE,FALSE,FALSE,FALSE,FALSE,FALSE,FALSE,FALSE,FALSE,FALSE
Business Systems Analyst,"Pantar Solutions, Inc.",Marlborough,MA,FALSE,FALSE,TRUE,TRUE,FALSE,FALSE,FALSE,FALSE,FALSE,FALSE,FALSE,FALSE,FALSE,FALSE
Python Developer,Strategic Employment Partners,New York,NY,FALSE,FALSE,FALSE,FALSE,FALSE,FALSE,FALSE,TRUE,FALSE,FALSE,FALSE,FALSE,TRUE,FALSE
Data Scientist /lead data scientist,Genesis NGN Inc.,Chicago,IL,TRUE,FALSE,TRUE,TRUE,FALSE,FALSE,FALSE,TRUE,FALSE,FALSE,FALSE,FALSE,TRUE,FALSE
"Big Data/Hadoop Developer- AWS- Naperville, IL- $150k",FRG Technology Consulting,Naperville,IL,TRUE,TRUE,TRUE,FALSE,FALSE,TRUE,FALSE,TRUE,TRUE,FALSE,FALSE,FALSE,TRUE,FALSE
Data Scientist at NJ,Stellar Consulting Solutions,Wayne,NJ,TRUE,TRUE,TRUE,FALSE,FALSE,FALSE,FALSE,TRUE,TRUE,FALSE,FALSE,FALSE,TRUE,FALSE
Data Scientist - very small and very profitable super cool nerdy comp,Bivium Group,Cambridge,MA,FALSE,FALSE,FALSE,FALSE,FALSE,FALSE,FALSE,FALSE,FALSE,FALSE,FALSE,FALSE,TRUE,FALSE
Product Manager/Data Scientist,"Adi WorldLink, LLC",Mountain View,CA,TRUE,FALSE,TRUE,FALSE,FALSE,FALSE,FALSE,FALSE,FALSE,FALSE,TRUE,FALSE,FALSE,FALSE
"Big Data Architect - Chicago, IL - Long Term contract/Full time","NoraLogic, Inc.",Chicago,IL,TRUE,TRUE,TRUE,FALSE,FALSE,FALSE,FALSE,TRUE,TRUE,FALSE,FALSE,FALSE,FALSE,FALSE
Data Scientist with Actuarial exp -IL Non-local are fine,Sun Power Consulting (SPC),Chicago,IL,TRUE,FALSE,TRUE,TRUE,FALSE,FALSE,FALSE,TRUE,TRUE,FALSE,TRUE,FALSE,TRUE,FALSE
"BigData DataScience Engineer, Duration-1 year, Rate - Open, Beaverton, Oregon",Centizen,Beaverton,OR,TRUE,TRUE,FALSE,TRUE,FALSE,TRUE,FALSE,TRUE,TRUE,FALSE,FALSE,FALSE,TRUE,FALSE
Data Scientist / Engineer / (Healthcare ML SaaS) ($180-200k),Walter Bacon,San Mateo,CA,FALSE,FALSE,FALSE,FALSE,FALSE,TRUE,FALSE,TRUE,FALSE,FALSE,FALSE,FALSE,TRUE,FALSE
Jr/Mid Intelligence Analyst - Active Top Secret/SCI eligible,CSRA,Vienna,VA,FALSE,FALSE,FALSE,FALSE,FALSE,FALSE,FALSE,FALSE,FALSE,FALSE,FALSE,FALSE,FALSE,FALSE
Site Transition Project Manager (TS/SCI FS POLY Clearance,DXC Technology,Fort George Meade,MD,FALSE,FALSE,FALSE,FALSE,FALSE,FALSE,FALSE,FALSE,FALSE,FALSE,FALSE,FALSE,FALSE,FALSE
Assistant Professors of Computer Science,"Cal State Univ., Fullerton",Fullerton,CA,FALSE,FALSE,FALSE,FALSE,FALSE,FALSE,FALSE,FALSE,FALSE,FALSE,FALSE,FALSE,FALSE,FALSE
Instructor - Computer Science,‰÷ ‰÷ ‰÷ ,Arlington,TX,FALSE,FALSE,FALSE,FALSE,FALSE,FALSE,FALSE,FALSE,FALSE,FALSE,FALSE,FALSE,FALSE,FALSE
"Director, Computer Science and IT Education",Chicago Public Schools,Chicago,IL,FALSE,FALSE,FALSE,FALSE,FALSE,FALSE,FALSE,FALSE,FALSE,FALSE,FALSE,FALSE,FALSE,FALSE
Technical Writer Science & Engineering,Innovim,Greenbelt,MD,FALSE,FALSE,FALSE,FALSE,FALSE,FALSE,FALSE,FALSE,FALSE,FALSE,FALSE,FALSE,FALSE,FALSE
Training Specialist TS/SCI (ID#008),SRG Government Services,Columbia,SC,FALSE,FALSE,FALSE,FALSE,FALSE,FALSE,FALSE,FALSE,FALSE,FALSE,FALSE,FALSE,FALSE,FALSE
Computer Science Intern for Hub Development,Allscripts,Raleigh,NC,FALSE,FALSE,FALSE,FALSE,FALSE,FALSE,FALSE,FALSE,TRUE,FALSE,FALSE,FALSE,FALSE,FALSE
Science and Technology Analyst,Booz Allen Hamilton,Albuquerque,NM,FALSE,FALSE,FALSE,FALSE,FALSE,FALSE,FALSE,FALSE,FALSE,FALSE,FALSE,FALSE,FALSE,FALSE
Top Secret with SCI eligibility Oracle DBA,"Computer Merchant, Ltd., The",Arlington,VA,FALSE,FALSE,FALSE,FALSE,FALSE,FALSE,FALSE,FALSE,TRUE,FALSE,FALSE,FALSE,FALSE,FALSE
CISCO Engineer with TS/SCI,VOSAGO,Alexandria,VA,FALSE,FALSE,FALSE,FALSE,FALSE,FALSE,FALSE,FALSE,FALSE,FALSE,FALSE,FALSE,FALSE,FALSE
TS/SCI Help Desk Specialist,American Environmental & Engineering Consultants,Annapolis Junction,MD,FALSE,FALSE,FALSE,FALSE,FALSE,FALSE,FALSE,FALSE,FALSE,FALSE,FALSE,FALSE,FALSE,FALSE
Technical Life Science Recruiter,Bayside Solutions,Milpitas,CA,FALSE,FALSE,FALSE,FALSE,FALSE,FALSE,FALSE,FALSE,FALSE,FALSE,FALSE,TRUE,FALSE,FALSE
TS/SCI LAN/WAN Engineer (Veteran Friendly),"TEKsystems, Inc.",Warrenton,VA,FALSE,FALSE,FALSE,FALSE,FALSE,FALSE,FALSE,FALSE,FALSE,FALSE,FALSE,FALSE,FALSE,FALSE
Customer Support Associate (IT Systems) TS/SCI Clearance,"Centradyne, LLC.",Springfield,VA,FALSE,FALSE,FALSE,FALSE,FALSE,TRUE,FALSE,FALSE,FALSE,FALSE,FALSE,FALSE,FALSE,FALSE
"Linux Systems Administrator, TS/SCI","DeVine Consulting, Inc.",Monterey,CA,FALSE,FALSE,TRUE,FALSE,FALSE,FALSE,FALSE,FALSE,FALSE,FALSE,FALSE,TRUE,FALSE,FALSE
TS/SCI Junior .NET Developer,LinTech Global Inc.,Fort Belvoir,VA,FALSE,FALSE,FALSE,FALSE,FALSE,FALSE,FALSE,FALSE,TRUE,FALSE,FALSE,FALSE,FALSE,FALSE
"Director, Nutrition Science & Innovation",The Coca-Cola Company,Atlanta,GA,FALSE,FALSE,FALSE,FALSE,FALSE,FALSE,FALSE,FALSE,FALSE,FALSE,FALSE,FALSE,FALSE,FALSE
Cloud Developer with TS/SCI Clearance (1598),Applied Information Sciences,Dayton,OH,FALSE,FALSE,FALSE,FALSE,FALSE,FALSE,FALSE,TRUE,FALSE,FALSE,FALSE,FALSE,FALSE,FALSE
"Software Engineer 2 (Java, Restful Web with TS/SCI Security Clearance)",Peraton,Rome,NY,FALSE,FALSE,FALSE,FALSE,FALSE,TRUE,FALSE,FALSE,TRUE,FALSE,FALSE,FALSE,FALSE,FALSE
Computer Science graduates for a tech-driven hedge fund,Gambit Technologies,New York,NY,FALSE,FALSE,FALSE,FALSE,FALSE,TRUE,FALSE,FALSE,FALSE,FALSE,FALSE,FALSE,FALSE,FALSE
Life Science Business Analyst - REMOTE,"Infomerica, Inc",Cary,NC,FALSE,FALSE,FALSE,TRUE,FALSE,FALSE,FALSE,FALSE,FALSE,FALSE,FALSE,FALSE,FALSE,FALSE
PeopleSoft Functional Analyst TOP SECRET/SCI W/FS POLY,"Squires Group, Inc",Fort Meade,MD,FALSE,FALSE,FALSE,FALSE,FALSE,FALSE,FALSE,FALSE,FALSE,FALSE,FALSE,FALSE,FALSE,FALSE
Technical Writer Biomedical Science,The CEI Group,Cambridge,MA,FALSE,FALSE,FALSE,FALSE,FALSE,FALSE,FALSE,FALSE,FALSE,FALSE,FALSE,FALSE,FALSE,FALSE
Science Instruments Group Leader,"ConsultNet, LLC",Pasadena,CA,FALSE,FALSE,FALSE,FALSE,FALSE,FALSE,FALSE,FALSE,FALSE,FALSE,FALSE,FALSE,FALSE,FALSE
HBSS Engineer with TS/SCI Clearance,GDH Consulting,Mclean,VA,FALSE,FALSE,FALSE,FALSE,FALSE,FALSE,FALSE,FALSE,FALSE,FALSE,FALSE,FALSE,FALSE,FALSE
DevOps Engineer - TS/SCI Clearance,PDS Technical Services,Aurora,CO,FALSE,FALSE,FALSE,FALSE,FALSE,TRUE,FALSE,FALSE,FALSE,FALSE,FALSE,FALSE,FALSE,TRUE
Desktop System Administrator - TS/SCI Clearance,BIAS Corporation,Pasadena,CA,FALSE,FALSE,FALSE,FALSE,FALSE,FALSE,FALSE,FALSE,FALSE,FALSE,FALSE,TRUE,FALSE,FALSE
Technical Writer/ Science,Aegistech Inc.,San Diego,CA,FALSE,FALSE,FALSE,FALSE,FALSE,FALSE,FALSE,FALSE,FALSE,FALSE,FALSE,FALSE,FALSE,FALSE
Systems Administrator (SA) - Level 3 - TS/SCI w/Poly Required,Louisiana Economic Development,Bossier City,LA,FALSE,FALSE,FALSE,FALSE,FALSE,FALSE,FALSE,FALSE,FALSE,FALSE,FALSE,FALSE,FALSE,FALSE
"McAfee Security Consultant - Anacostia, MD (TS/SCI Required)",McAfee,Washington,DC,FALSE,FALSE,FALSE,FALSE,FALSE,FALSE,FALSE,FALSE,TRUE,FALSE,FALSE,FALSE,FALSE,FALSE
DevOps Engineer (TS/SCI Required),The Sedona Group,Alexandria,VA,FALSE,FALSE,FALSE,FALSE,FALSE,TRUE,FALSE,FALSE,TRUE,FALSE,FALSE,FALSE,FALSE,FALSE
Federal - Business Process Specialist - Requires an active TS or TS/SCI clearance,Accenture Federal Services,Washington,DC,FALSE,FALSE,FALSE,FALSE,FALSE,FALSE,FALSE,FALSE,FALSE,FALSE,FALSE,TRUE,FALSE,FALSE
"NIPR/SIPR Admin Secret/TS/SCI Clearance in San Antonio, TX/ Montgomery, AL","22nd Century Technologies, Inc.",San Antonio,TX,FALSE,FALSE,FALSE,FALSE,FALSE,FALSE,FALSE,FALSE,FALSE,FALSE,FALSE,FALSE,FALSE,FALSE
Project Manager w/Life Science exp,Paragon Solutions Inc.,Cambridge,MA,FALSE,FALSE,FALSE,FALSE,FALSE,FALSE,FALSE,FALSE,FALSE,FALSE,FALSE,FALSE,FALSE,FALSE
Senior Software Developer TS/SCI Clearance US Citizen Required,ZoeTech Staffing LLC,Aurora,CO,FALSE,FALSE,FALSE,FALSE,FALSE,TRUE,FALSE,FALSE,FALSE,FALSE,FALSE,FALSE,FALSE,FALSE
Microsoft Engineer/Architect | $140-180K+ | TS/SCI Required,Nigel Frank International,Fairfax,VA,FALSE,FALSE,FALSE,FALSE,FALSE,FALSE,FALSE,FALSE,FALSE,FALSE,FALSE,FALSE,FALSE,FALSE
Senior Big Data Engineer,SecurityScorecard,New York,NY,FALSE,TRUE,FALSE,FALSE,FALSE,FALSE,FALSE,FALSE,FALSE,FALSE,FALSE,FALSE,FALSE,FALSE
Data Architect,Ciber,Minneapolis,MN,FALSE,FALSE,FALSE,FALSE,FALSE,FALSE,FALSE,FALSE,TRUE,FALSE,FALSE,FALSE,FALSE,FALSE
Master Data Engineer,discover,Riverwoods,IL,TRUE,TRUE,FALSE,FALSE,FALSE,TRUE,FALSE,TRUE,TRUE,TRUE,TRUE,FALSE,FALSE,FALSE
Data Engineer_GL,"GlobalLogic, Inc.",Mountain View,CA,FALSE,FALSE,TRUE,FALSE,FALSE,TRUE,TRUE,TRUE,TRUE,FALSE,FALSE,FALSE,FALSE,FALSE
Clinical Data Validation Analyst,Net ESolutions Corporation (NETE),Rockville,MD,FALSE,FALSE,FALSE,FALSE,FALSE,FALSE,FALSE,FALSE,TRUE,FALSE,FALSE,FALSE,FALSE,FALSE
Big Data Architect,Vacare Group,Franklin,MA,TRUE,FALSE,TRUE,FALSE,FALSE,FALSE,FALSE,TRUE,TRUE,FALSE,FALSE,FALSE,TRUE,FALSE
Data Scientist - 789,PlacingIT,Palo Alto,CA,FALSE,FALSE,TRUE,FALSE,FALSE,TRUE,FALSE,TRUE,FALSE,FALSE,FALSE,FALSE,TRUE,FALSE
Data Architect,Y & L Consulting Inc.,San Antonio,TX,FALSE,FALSE,FALSE,FALSE,FALSE,FALSE,FALSE,FALSE,TRUE,FALSE,FALSE,FALSE,FALSE,FALSE
Data Systems Engineer,Ascent,Novato,CA,FALSE,FALSE,FALSE,TRUE,FALSE,FALSE,TRUE,FALSE,TRUE,FALSE,FALSE,FALSE,FALSE,FALSE
Data Analytics Analyst,Odyssey Information Services,Plano,TX,FALSE,FALSE,FALSE,TRUE,FALSE,FALSE,FALSE,FALSE,FALSE,FALSE,FALSE,TRUE,FALSE,FALSE
Data Scientist,"Brillio, LLC",Redmond,WA,FALSE,FALSE,TRUE,FALSE,FALSE,FALSE,FALSE,FALSE,FALSE,FALSE,TRUE,FALSE,FALSE,FALSE
Quantitative Data Research Specialist,Advantage,Mountain View,CA,FALSE,FALSE,TRUE,FALSE,FALSE,FALSE,FALSE,TRUE,TRUE,FALSE,FALSE,FALSE,FALSE,FALSE
Senior Data Analyst,The Armada Group,San Jose,CA,TRUE,TRUE,FALSE,FALSE,FALSE,TRUE,FALSE,FALSE,TRUE,FALSE,FALSE,FALSE,TRUE,FALSE
"Data Engineer - Social Networking Firm - New York, NY",Twenty Recruitment,New York,NY,FALSE,FALSE,FALSE,FALSE,FALSE,FALSE,FALSE,TRUE,FALSE,FALSE,FALSE,FALSE,FALSE,FALSE
Java/Python Statistical Data Scientist [ Michigan- No Corp2Corp ],PMC,Dearborn,MI,TRUE,FALSE,FALSE,FALSE,FALSE,TRUE,FALSE,TRUE,FALSE,FALSE,FALSE,FALSE,FALSE,FALSE
"Business Infomatics Fellowship Program (FDA) is Looking For exceptional Business Analyst, Computer Scientist, Program Managers, and Data Management Professionals",AP Ventures,Silver Spring,MD,FALSE,FALSE,FALSE,FALSE,FALSE,FALSE,FALSE,FALSE,FALSE,FALSE,FALSE,FALSE,FALSE,FALSE
Sr. Data Scientist,S&P Global Market Intelligence,Charlottesville,VA,TRUE,TRUE,TRUE,FALSE,FALSE,TRUE,FALSE,TRUE,TRUE,TRUE,FALSE,FALSE,TRUE,FALSE
Data Scientist,"DHI Group, Inc.",Urbandale,IA,TRUE,TRUE,TRUE,FALSE,FALSE,FALSE,FALSE,TRUE,TRUE,TRUE,TRUE,FALSE,TRUE,TRUE
IT Sr. Network Architect,Toys R Us,Wayne,NJ,FALSE,FALSE,FALSE,FALSE,FALSE,FALSE,FALSE,FALSE,FALSE,FALSE,FALSE,FALSE,FALSE,FALSE
Data Scientist,comScore,Portland,OR,FALSE,FALSE,FALSE,TRUE,FALSE,FALSE,FALSE,FALSE,TRUE,FALSE,FALSE,TRUE,FALSE,FALSE
Technical Marketing Engr 5,"NetApp, Inc.",Sunnyvale Corporate Headqtrs (,Sunnyvale Corporate Headqtrs (,FALSE,FALSE,FALSE,FALSE,FALSE,FALSE,FALSE,FALSE,FALSE,FALSE,FALSE,FALSE,FALSE,FALSE
"Sr Cognos Developer, power BI, Cognos, Azure",Lennar Homes,Miami,FL,FALSE,FALSE,FALSE,FALSE,FALSE,FALSE,FALSE,FALSE,FALSE,FALSE,FALSE,FALSE,FALSE,FALSE
Data Analyst,BAMM,South Amboy,NJ,FALSE,FALSE,FALSE,FALSE,FALSE,FALSE,FALSE,FALSE,TRUE,FALSE,FALSE,FALSE,TRUE,FALSE
Discoverant PRIMR/Hierarchy Developer,Kelly IT,Niwot,CO,FALSE,FALSE,FALSE,FALSE,FALSE,FALSE,FALSE,FALSE,TRUE,FALSE,FALSE,FALSE,FALSE,FALSE
.Net Developer,King Memory LLC,Columbus,OH,FALSE,FALSE,FALSE,FALSE,FALSE,FALSE,FALSE,FALSE,FALSE,FALSE,FALSE,FALSE,FALSE,TRUE
Data Engineer,UCLA HEALTH,Westwood,CA,TRUE,TRUE,TRUE,FALSE,FALSE,TRUE,FALSE,TRUE,TRUE,FALSE,FALSE,FALSE,TRUE,FALSE
Cloud Storage Solution Engineer Specialist,"QCT, LLC",San Jose,CA,FALSE,FALSE,FALSE,FALSE,FALSE,FALSE,FALSE,FALSE,FALSE,FALSE,FALSE,FALSE,FALSE,FALSE
Big Data Technical Manager,Allstate Insurance,Chicago,IL,FALSE,FALSE,TRUE,FALSE,FALSE,TRUE,FALSE,TRUE,TRUE,FALSE,FALSE,FALSE,TRUE,FALSE
Data Scientist IV,Sears,Hoffman Estates,IL,TRUE,TRUE,TRUE,FALSE,FALSE,FALSE,FALSE,TRUE,TRUE,FALSE,FALSE,FALSE,TRUE,FALSE
IT Data Analyst II,Horizon Blue Cross Blue Shield of New Jersey,Newark,NJ,TRUE,FALSE,FALSE,TRUE,FALSE,FALSE,FALSE,FALSE,TRUE,TRUE,TRUE,FALSE,FALSE,FALSE
Data Scientist,State Farm Insurance,Bloomington,IL,TRUE,FALSE,TRUE,FALSE,FALSE,FALSE,FALSE,TRUE,TRUE,FALSE,FALSE,FALSE,TRUE,FALSE
2018 Data Scientist - Campus,Travelport,Atlanta,GA,TRUE,FALSE,TRUE,TRUE,FALSE,TRUE,TRUE,TRUE,TRUE,TRUE,TRUE,FALSE,TRUE,FALSE
Informatics Data Scientist I-III (Healthcare/ SAS/ Business Intellige,Blue Cross Blue Shield of Arizona,Phoenix,AZ,TRUE,FALSE,TRUE,TRUE,FALSE,FALSE,FALSE,TRUE,FALSE,FALSE,TRUE,FALSE,TRUE,FALSE
Big Data Architect,ETS LLC,Chicago,IL,TRUE,TRUE,TRUE,FALSE,FALSE,FALSE,FALSE,TRUE,TRUE,FALSE,FALSE,FALSE,FALSE,FALSE
Data Scientist,PeopleWare Staffing,El Segundo,CA,FALSE,FALSE,FALSE,FALSE,FALSE,TRUE,FALSE,TRUE,TRUE,FALSE,FALSE,FALSE,FALSE,FALSE
Data Engineer,AAIS,Lisle,IL,TRUE,FALSE,FALSE,FALSE,FALSE,FALSE,FALSE,FALSE,TRUE,TRUE,FALSE,FALSE,FALSE,FALSE
Data Scientist,Noblis,Washington,DC,FALSE,FALSE,FALSE,FALSE,FALSE,FALSE,FALSE,FALSE,FALSE,FALSE,FALSE,FALSE,FALSE,FALSE
Senior Data Visualization Specialist,Southern Methodist University,Dallas,TX,FALSE,FALSE,TRUE,TRUE,FALSE,FALSE,FALSE,TRUE,FALSE,FALSE,TRUE,TRUE,FALSE,FALSE
Data Scientist,ALTA IT Services,Adelphi,MD,FALSE,FALSE,TRUE,TRUE,FALSE,FALSE,FALSE,TRUE,TRUE,FALSE,TRUE,FALSE,FALSE,FALSE
Data Analyst,University of Virginia,Charlottesville,VA,FALSE,FALSE,FALSE,FALSE,FALSE,FALSE,FALSE,TRUE,FALSE,FALSE,FALSE,TRUE,FALSE,FALSE
Data Scientist - Engineering Client Support,Bloomberg L.P.,New York,NY,TRUE,TRUE,TRUE,FALSE,FALSE,FALSE,FALSE,TRUE,FALSE,TRUE,FALSE,FALSE,TRUE,FALSE
Enterprise Data Architect,Association of American Medical Colleges,Washington,DC,FALSE,FALSE,FALSE,FALSE,FALSE,TRUE,FALSE,FALSE,TRUE,TRUE,FALSE,FALSE,TRUE,FALSE
Data Architect Analytics,"RentPath, LLC",Atlanta,GA,TRUE,TRUE,FALSE,FALSE,FALSE,FALSE,FALSE,FALSE,TRUE,FALSE,TRUE,FALSE,FALSE,FALSE
Senior Data Scientist,TargetCW,San Francisco,CA,FALSE,TRUE,TRUE,FALSE,FALSE,TRUE,FALSE,TRUE,TRUE,TRUE,TRUE,FALSE,TRUE,TRUE
Lead Data Scientist,UPS,Mahwah,NJ,TRUE,TRUE,TRUE,FALSE,FALSE,FALSE,FALSE,TRUE,TRUE,FALSE,FALSE,FALSE,TRUE,FALSE
Senior Data Scientist,GEICO,Washington,DC,TRUE,FALSE,TRUE,FALSE,FALSE,FALSE,TRUE,TRUE,FALSE,FALSE,FALSE,FALSE,TRUE,FALSE
Senior Data Scientist,Cargurus,Cambridge,MA,FALSE,FALSE,TRUE,FALSE,FALSE,FALSE,FALSE,TRUE,FALSE,FALSE,FALSE,FALSE,TRUE,FALSE
Data Scientist,"Prime Team Partners, Inc",Bellevue,WA,FALSE,FALSE,FALSE,FALSE,FALSE,FALSE,FALSE,FALSE,FALSE,FALSE,FALSE,FALSE,TRUE,FALSE
"Chief Analytics Officer, Mayors Office of Data Analytics",NYC Dept of Info Technology (DoITT),Brooklyn,NY,FALSE,FALSE,FALSE,FALSE,FALSE,FALSE,FALSE,FALSE,FALSE,FALSE,FALSE,FALSE,FALSE,FALSE
Big Data/Predictive Analytics Manager,Regions Bank,Birmingham,AL,TRUE,FALSE,TRUE,TRUE,FALSE,TRUE,FALSE,TRUE,TRUE,FALSE,FALSE,FALSE,TRUE,FALSE
Java Developer - Fullstack,Huxley Banking & Financial Services,Boston,MA,FALSE,FALSE,FALSE,FALSE,FALSE,TRUE,FALSE,FALSE,TRUE,FALSE,FALSE,FALSE,FALSE,TRUE
LAN/WAN Administrator,Pratt Brown & Associates,Tampa,FL,FALSE,FALSE,FALSE,FALSE,FALSE,FALSE,FALSE,FALSE,FALSE,FALSE,FALSE,FALSE,FALSE,FALSE
Python / SQL Contractor,Talener,New York,NY,FALSE,FALSE,FALSE,FALSE,FALSE,FALSE,FALSE,TRUE,TRUE,FALSE,FALSE,FALSE,FALSE,FALSE
Data Scientist,IBS Group,Chicago,IL,TRUE,FALSE,TRUE,TRUE,FALSE,FALSE,FALSE,TRUE,FALSE,FALSE,FALSE,FALSE,FALSE,FALSE
Software Developer,"Cobb Systems Group, LLC",Santa Monica,CA,FALSE,FALSE,FALSE,FALSE,FALSE,FALSE,FALSE,FALSE,TRUE,FALSE,FALSE,FALSE,FALSE,FALSE
Junior Windows Admin,"Marlabs, Inc",Newberry,SC,FALSE,FALSE,FALSE,FALSE,FALSE,FALSE,FALSE,FALSE,TRUE,FALSE,FALSE,FALSE,FALSE,FALSE
Data Scientist,Neumeric Technologies Corporation,Woodlawn,MD,FALSE,FALSE,TRUE,TRUE,FALSE,FALSE,FALSE,FALSE,TRUE,FALSE,FALSE,FALSE,FALSE,FALSE
Data Analyst,KWI Communications,Atlanta,GA,FALSE,FALSE,FALSE,FALSE,FALSE,FALSE,FALSE,TRUE,FALSE,FALSE,FALSE,TRUE,TRUE,FALSE
Data Scientist,Navstar Inc.,Reston,VA,FALSE,FALSE,TRUE,FALSE,FALSE,TRUE,TRUE,TRUE,FALSE,FALSE,FALSE,TRUE,TRUE,FALSE
Data Product Engineer,TistaTech,Rockville,MD,TRUE,TRUE,TRUE,FALSE,FALSE,FALSE,FALSE,FALSE,FALSE,FALSE,FALSE,FALSE,FALSE,FALSE
Data Scientist,Integrity Consulting,Durham,NC,FALSE,FALSE,TRUE,TRUE,FALSE,FALSE,FALSE,TRUE,TRUE,FALSE,FALSE,FALSE,TRUE,FALSE
Data Scientist,The CSI Companies,Tampa,FL,FALSE,TRUE,TRUE,TRUE,FALSE,FALSE,FALSE,TRUE,TRUE,FALSE,TRUE,FALSE,TRUE,FALSE
Lead Data Analyst (Big Data Analytics / Modeling),BNY Mellon Investor Services,New York,NY,TRUE,FALSE,TRUE,FALSE,FALSE,FALSE,FALSE,TRUE,TRUE,FALSE,TRUE,FALSE,TRUE,FALSE
"Data Scientist - SQL, R, Python, Azure",10525742,New York,NY,FALSE,FALSE,TRUE,TRUE,FALSE,FALSE,FALSE,TRUE,TRUE,FALSE,FALSE,FALSE,FALSE,FALSE
Data Engineer,"Corus Group, LLC",Atlanta,GA,TRUE,TRUE,FALSE,FALSE,FALSE,TRUE,FALSE,TRUE,FALSE,FALSE,FALSE,FALSE,FALSE,FALSE
Healthcare Sr. Data Analyst,Healthix,New York,NY,FALSE,FALSE,TRUE,TRUE,TRUE,TRUE,FALSE,TRUE,TRUE,FALSE,TRUE,FALSE,FALSE,FALSE
VP/Business Intelligence Data Visualization Technical Lead,Garrison Associates,New York,NY,FALSE,FALSE,FALSE,FALSE,FALSE,FALSE,FALSE,FALSE,TRUE,FALSE,TRUE,FALSE,TRUE,FALSE
Data scientist,"Sysmind, LLC",Tampa,FL,FALSE,FALSE,FALSE,FALSE,FALSE,FALSE,FALSE,TRUE,FALSE,FALSE,FALSE,FALSE,FALSE,FALSE
Data Scientist,Tavant,Santa Clara,CA,FALSE,FALSE,TRUE,TRUE,FALSE,FALSE,FALSE,TRUE,TRUE,TRUE,FALSE,FALSE,TRUE,FALSE
Big Data Developer,TransUnion,Boca Raton,FL,TRUE,FALSE,FALSE,FALSE,FALSE,FALSE,TRUE,TRUE,TRUE,FALSE,FALSE,FALSE,FALSE,FALSE
Data Scientist,MRoads,Irving,TX,FALSE,FALSE,TRUE,TRUE,FALSE,FALSE,FALSE,TRUE,FALSE,FALSE,TRUE,FALSE,FALSE,FALSE
"Sr. Manager, Data Warehouse, Analytics & Data Services","Rodan + Fields, LLC",San Ramon,CA,FALSE,FALSE,TRUE,FALSE,FALSE,FALSE,FALSE,FALSE,TRUE,FALSE,FALSE,TRUE,FALSE,FALSE
Sr. Product Manager-Data Library and Metrics,Tableau Software,Seattle,WA,TRUE,TRUE,FALSE,FALSE,FALSE,TRUE,FALSE,TRUE,TRUE,FALSE,TRUE,FALSE,FALSE,FALSE
Federal Senior Solution Specialist - Data Scientist,Deloitte,Orlando,FL,TRUE,TRUE,TRUE,TRUE,FALSE,FALSE,TRUE,TRUE,TRUE,FALSE,FALSE,TRUE,FALSE,TRUE
Data Developer,Cincinnati Bell Technology Solutions,Cincinnati,OH,FALSE,FALSE,FALSE,FALSE,FALSE,FALSE,FALSE,TRUE,TRUE,FALSE,FALSE,FALSE,FALSE,FALSE
"Director, Workflows & Data",CBS Corporation,New York,NY,FALSE,FALSE,FALSE,FALSE,FALSE,FALSE,FALSE,FALSE,FALSE,FALSE,FALSE,FALSE,FALSE,FALSE
Senior Cisco Engineer - Data Center,DynTek,Las Vegas,NV,FALSE,FALSE,FALSE,FALSE,FALSE,FALSE,FALSE,FALSE,FALSE,FALSE,FALSE,FALSE,FALSE,FALSE
Big Data Architect,Technosoft Corporation,Chicago,IL,TRUE,TRUE,TRUE,FALSE,FALSE,FALSE,FALSE,TRUE,TRUE,FALSE,FALSE,FALSE,FALSE,FALSE
"Data Scientist, Machine Learning, R, Python, Sparks, Predictive Model",Primus Software Corp,Warren,NJ,FALSE,FALSE,TRUE,FALSE,FALSE,FALSE,FALSE,TRUE,FALSE,FALSE,FALSE,FALSE,TRUE,FALSE
Big Data Architect,SnS Global Corp,Chicago,IL,TRUE,TRUE,TRUE,FALSE,FALSE,FALSE,FALSE,TRUE,TRUE,FALSE,FALSE,FALSE,FALSE,FALSE
Big Data Architect,BForce Solutions,Chicago,IL,TRUE,TRUE,TRUE,FALSE,FALSE,FALSE,FALSE,TRUE,TRUE,FALSE,FALSE,FALSE,FALSE,FALSE
data scientist with hadoop/ bigdata,IT Corpz,Deerfield,IL,TRUE,TRUE,TRUE,FALSE,FALSE,FALSE,FALSE,TRUE,TRUE,FALSE,FALSE,FALSE,TRUE,FALSE
"Data Warehouse developer (Azure SQL, Azure DW, Azure SSAS)","Tentek, Inc.",Los Angeles,CA,TRUE,TRUE,TRUE,FALSE,FALSE,TRUE,FALSE,TRUE,TRUE,FALSE,FALSE,FALSE,TRUE,FALSE
Data Engineer,"Computer Enterprises, Inc.",Philadelphia,PA,TRUE,TRUE,TRUE,TRUE,FALSE,TRUE,FALSE,TRUE,FALSE,FALSE,FALSE,FALSE,TRUE,FALSE
Data Scientist - Smart Device Services,Island Staffing,Boise,ID,TRUE,TRUE,TRUE,FALSE,FALSE,TRUE,FALSE,TRUE,TRUE,TRUE,FALSE,FALSE,TRUE,FALSE
Assistant Vice President-Data Miner & COGNOS Report Dev,Citi,Tampa,FL,FALSE,FALSE,FALSE,FALSE,FALSE,TRUE,FALSE,FALSE,TRUE,FALSE,FALSE,TRUE,FALSE,FALSE
Big Data Engineer,CVS Health,Richardson,TX,TRUE,TRUE,TRUE,FALSE,FALSE,TRUE,FALSE,TRUE,TRUE,FALSE,FALSE,FALSE,TRUE,FALSE
Data Architect,"Fox (Film, TV & Sports)",Los Angeles Metro Area,CA,FALSE,FALSE,FALSE,FALSE,FALSE,FALSE,FALSE,FALSE,FALSE,FALSE,FALSE,FALSE,FALSE,FALSE
Big Data Tester (DW/BI Big data),Mindtree Limited,Rockville,MD,TRUE,TRUE,FALSE,FALSE,FALSE,FALSE,FALSE,FALSE,TRUE,FALSE,FALSE,FALSE,FALSE,FALSE
Data Analyst,Capgemini,Buffalo,NY,FALSE,FALSE,FALSE,FALSE,FALSE,FALSE,FALSE,FALSE,TRUE,FALSE,FALSE,TRUE,FALSE,FALSE
Big Data Manager,Ascension Health,Austin,TX,TRUE,TRUE,TRUE,FALSE,FALSE,FALSE,FALSE,TRUE,FALSE,FALSE,FALSE,FALSE,FALSE,FALSE
Data Center Specialist,King Abdullah University of Science and Technology,Thuwal,Thuwal,FALSE,FALSE,FALSE,FALSE,FALSE,FALSE,FALSE,FALSE,FALSE,FALSE,FALSE,FALSE,FALSE,FALSE
Big Data Architect - BHJOB2052_13677,Visionaire Partners,Atlanta,GA,TRUE,FALSE,TRUE,TRUE,FALSE,FALSE,FALSE,TRUE,FALSE,FALSE,TRUE,FALSE,FALSE,TRUE
Data Engineer,talentRISE LLC,Chicago,IL,TRUE,TRUE,TRUE,FALSE,FALSE,TRUE,FALSE,TRUE,TRUE,FALSE,TRUE,FALSE,FALSE,FALSE
Big Data Developer,Software Guidance & Assistance,San Francisco,CA,TRUE,TRUE,FALSE,FALSE,FALSE,TRUE,FALSE,TRUE,TRUE,TRUE,TRUE,FALSE,FALSE,FALSE
Data Scientist,The Robinson Group,Wayne,PA,TRUE,TRUE,TRUE,FALSE,FALSE,FALSE,FALSE,TRUE,TRUE,FALSE,TRUE,FALSE,TRUE,FALSE
Data Manager / Data Architect,The Carrera Agency,San Diego,CA,TRUE,FALSE,TRUE,FALSE,FALSE,FALSE,FALSE,TRUE,TRUE,TRUE,TRUE,TRUE,TRUE,FALSE
Data Business Analyst,"Galaxy Systems, Inc.",Detroit,MI,FALSE,FALSE,FALSE,FALSE,FALSE,FALSE,FALSE,FALSE,TRUE,FALSE,FALSE,FALSE,FALSE,FALSE
Machine Learning Data Scientist FinTech,"Mordue, Allen, Roberts, Bonney, Ltd",San Francisco,CA,TRUE,TRUE,FALSE,FALSE,FALSE,FALSE,FALSE,TRUE,FALSE,FALSE,FALSE,FALSE,TRUE,FALSE
Data Scientist,SyllogisTeks,Cambridge,MA,FALSE,FALSE,FALSE,FALSE,FALSE,FALSE,FALSE,FALSE,FALSE,TRUE,FALSE,FALSE,FALSE,FALSE
Lead Data Scientist (05),"Pyramid Consulting, Inc.",Mahwah,NJ,TRUE,TRUE,TRUE,FALSE,FALSE,FALSE,FALSE,TRUE,TRUE,FALSE,FALSE,FALSE,TRUE,FALSE
Data Scientist,eNamix,Irvine,CA,FALSE,FALSE,TRUE,FALSE,FALSE,FALSE,FALSE,TRUE,FALSE,FALSE,FALSE,FALSE,TRUE,FALSE
Data Analyst III,Federal Reserve Bank,Dallas,TX,FALSE,FALSE,FALSE,FALSE,FALSE,FALSE,FALSE,FALSE,TRUE,FALSE,FALSE,FALSE,FALSE,FALSE
Data Manager Specialist,Chenega Corporation,Bahrain,Bahrain,FALSE,FALSE,FALSE,FALSE,FALSE,FALSE,FALSE,FALSE,TRUE,FALSE,FALSE,FALSE,FALSE,FALSE
Sr. Data Scientist,Technosmarts Inc,Saint Louis,MO,TRUE,FALSE,TRUE,TRUE,FALSE,FALSE,FALSE,TRUE,TRUE,TRUE,FALSE,FALSE,FALSE,FALSE
Data Scientist - Principal,Clarity Insights,Chicago,IL,TRUE,TRUE,TRUE,TRUE,FALSE,FALSE,FALSE,TRUE,TRUE,FALSE,TRUE,FALSE,TRUE,FALSE
BI Data Architect,Gymboree,San Francisco,CA,FALSE,FALSE,FALSE,FALSE,FALSE,FALSE,FALSE,FALSE,FALSE,FALSE,FALSE,TRUE,FALSE,FALSE
Data Warehouse Developer,Main Street Renewal,Austin,TX,FALSE,FALSE,FALSE,FALSE,FALSE,FALSE,FALSE,FALSE,TRUE,FALSE,TRUE,FALSE,FALSE,FALSE
Data Warehouse Developer (Hadoop),"Freeosk, Inc.",Chicago,IL,TRUE,FALSE,FALSE,FALSE,FALSE,FALSE,FALSE,FALSE,FALSE,FALSE,FALSE,FALSE,FALSE,FALSE
Big Data Technical Architect,U.S. Tech Solutions Inc.,Arden Hills,MN,TRUE,TRUE,FALSE,FALSE,FALSE,FALSE,FALSE,FALSE,FALSE,FALSE,FALSE,FALSE,FALSE,FALSE
Data Analyst,Robert Half Technology,Rocklin,CA,FALSE,FALSE,FALSE,TRUE,FALSE,FALSE,FALSE,FALSE,TRUE,FALSE,TRUE,FALSE,FALSE,FALSE
Data Analyst / SQL Query,West Star Aviation,East Alton,IL,FALSE,FALSE,FALSE,FALSE,FALSE,FALSE,FALSE,FALSE,TRUE,FALSE,FALSE,FALSE,FALSE,FALSE
Principal Data Scientist,VincentBenjamin Inc.,Denver,CO,FALSE,TRUE,TRUE,FALSE,FALSE,FALSE,FALSE,TRUE,TRUE,TRUE,FALSE,TRUE,TRUE,FALSE
Data Visualization Specialist,The Consortium Inc,Washington,DC,FALSE,FALSE,TRUE,TRUE,FALSE,FALSE,FALSE,FALSE,TRUE,FALSE,TRUE,FALSE,FALSE,FALSE
Quantitative Data Engineer,Jacobs Levy Equity Management,Florham Park,NJ,FALSE,FALSE,FALSE,FALSE,FALSE,FALSE,FALSE,TRUE,TRUE,FALSE,FALSE,FALSE,FALSE,FALSE
MOBILE DATA TECHNOLOGY ADMINISTRATOR,City of Fort Lauderdale,Fort Lauderdale,FL,FALSE,FALSE,FALSE,FALSE,FALSE,FALSE,FALSE,FALSE,FALSE,FALSE,FALSE,FALSE,FALSE,FALSE
Data Engineer,SkySoft Inc,San Mateo,CA,TRUE,TRUE,FALSE,FALSE,FALSE,FALSE,FALSE,TRUE,FALSE,TRUE,FALSE,FALSE,TRUE,FALSE
Senior Data Scientist (macys.com),Macy's,San Francisco,CA,TRUE,TRUE,TRUE,FALSE,FALSE,TRUE,TRUE,TRUE,FALSE,FALSE,FALSE,FALSE,TRUE,FALSE
Lead Big Data Application Analyst,"E-Business International, Inc.",North Olmsted,OH,TRUE,FALSE,TRUE,FALSE,FALSE,FALSE,FALSE,FALSE,FALSE,FALSE,TRUE,FALSE,TRUE,FALSE
Senior Big Data Infrastructure,Aetna,Hartford,CT,TRUE,TRUE,FALSE,FALSE,FALSE,TRUE,FALSE,TRUE,FALSE,TRUE,FALSE,FALSE,FALSE,FALSE
Big Data Technical Architect,"General Mills, Inc.",Minneapolis,MN,TRUE,TRUE,FALSE,FALSE,FALSE,TRUE,FALSE,TRUE,TRUE,FALSE,FALSE,FALSE,FALSE,FALSE
Data Warehouse Ab Initio Software Engineer,JP Morgan Chase,Wilmington,DE,FALSE,FALSE,FALSE,FALSE,FALSE,FALSE,FALSE,FALSE,TRUE,FALSE,FALSE,FALSE,FALSE,FALSE
Data Scientist,"International Software Systems, Inc",Greenbelt,MD,FALSE,FALSE,TRUE,TRUE,FALSE,FALSE,FALSE,FALSE,TRUE,FALSE,FALSE,FALSE,FALSE,FALSE
Cloud Data Engineer,ManTech Advanced Systems International,Springfield,VA,FALSE,FALSE,FALSE,FALSE,FALSE,FALSE,FALSE,FALSE,TRUE,TRUE,FALSE,FALSE,FALSE,FALSE
Sr. Data Developer (Data Modeling),ChenMed,Miami Gardens,FL,FALSE,FALSE,FALSE,FALSE,FALSE,FALSE,FALSE,FALSE,TRUE,TRUE,FALSE,FALSE,FALSE,FALSE
Sr. Systems Integration & Data Analyst,CareFirst,Baltimore,MD,FALSE,FALSE,FALSE,FALSE,FALSE,TRUE,FALSE,FALSE,TRUE,FALSE,FALSE,FALSE,FALSE,FALSE
Associate Solutions Specialist - Data & Analytics,Sirius Computer Solutions Inc,Omaha,NE,TRUE,FALSE,FALSE,FALSE,FALSE,FALSE,FALSE,TRUE,TRUE,FALSE,TRUE,FALSE,FALSE,TRUE
EDI Analyst/Developer,VitalWare,Irving,TX,FALSE,FALSE,FALSE,FALSE,FALSE,FALSE,FALSE,FALSE,TRUE,FALSE,FALSE,FALSE,FALSE,FALSE
Sr. Data Architect,NAVIS,Bend,OR,FALSE,FALSE,FALSE,FALSE,FALSE,FALSE,FALSE,FALSE,FALSE,FALSE,FALSE,FALSE,FALSE,FALSE
BI/DW Data Modeler,"Cal State University, Chancellors Office",Long Beach,CA,FALSE,FALSE,FALSE,FALSE,FALSE,FALSE,FALSE,FALSE,TRUE,FALSE,FALSE,FALSE,FALSE,FALSE
Data Engineer,"Wawa, Inc",Media,PA,TRUE,TRUE,FALSE,TRUE,FALSE,TRUE,FALSE,TRUE,TRUE,FALSE,TRUE,FALSE,FALSE,FALSE
Data Governance Lead Specialist,National Grid,Waltham,MA,FALSE,FALSE,TRUE,FALSE,FALSE,FALSE,FALSE,TRUE,TRUE,FALSE,TRUE,FALSE,FALSE,FALSE
Senior Data Architect,Caesars Enterprise Services,Las Vegas,NV,FALSE,FALSE,FALSE,FALSE,FALSE,FALSE,FALSE,FALSE,TRUE,FALSE,TRUE,FALSE,FALSE,FALSE
Data Architect,Questar Assessment,United States,United States,FALSE,FALSE,TRUE,TRUE,FALSE,FALSE,FALSE,FALSE,FALSE,FALSE,FALSE,FALSE,FALSE,FALSE
Data Governance Analyst,Santander Consumer USA,Dallas,TX,FALSE,FALSE,FALSE,FALSE,FALSE,FALSE,FALSE,FALSE,FALSE,FALSE,FALSE,TRUE,FALSE,FALSE
Senior Data Analyst,New York Life Insurance Company,Jersey City,NJ,FALSE,FALSE,FALSE,FALSE,FALSE,FALSE,FALSE,FALSE,TRUE,FALSE,FALSE,TRUE,FALSE,FALSE
Data Warehouse DBA,Marketing G2,Horsham,PA,FALSE,FALSE,FALSE,FALSE,FALSE,FALSE,FALSE,FALSE,TRUE,FALSE,FALSE,TRUE,FALSE,FALSE
Data Analyst - Information Security,"Morgan, Lewis & Bockius LLP",Philadelphia,PA,TRUE,TRUE,FALSE,FALSE,FALSE,FALSE,FALSE,TRUE,TRUE,FALSE,FALSE,TRUE,FALSE,FALSE
Data Analyst (Job ID: 1309),Insignia Technology Services,Washington,DC,FALSE,FALSE,FALSE,FALSE,FALSE,FALSE,FALSE,FALSE,FALSE,FALSE,FALSE,FALSE,FALSE,FALSE
Senior Data Analyst,Green Dot Corporation,Pasadena,CA,FALSE,FALSE,FALSE,TRUE,FALSE,FALSE,FALSE,FALSE,TRUE,FALSE,TRUE,TRUE,FALSE,FALSE
Data Engineer,Nomura Holding America,San Francisco,CA,TRUE,TRUE,FALSE,FALSE,FALSE,TRUE,FALSE,FALSE,FALSE,FALSE,FALSE,FALSE,TRUE,FALSE
Data Developer 2 / ETL,Epsilon,Madison Heights,MI,TRUE,FALSE,FALSE,FALSE,FALSE,FALSE,TRUE,FALSE,TRUE,FALSE,FALSE,FALSE,FALSE,FALSE
Data Architect/Data Modeler,Bicitis Group,New York,NY,FALSE,FALSE,FALSE,FALSE,FALSE,FALSE,FALSE,FALSE,TRUE,FALSE,FALSE,FALSE,FALSE,FALSE
Data Analyst - Debt Capital & Hedge Management,Doran Jones,Charlotte,NC,TRUE,FALSE,FALSE,TRUE,FALSE,FALSE,FALSE,TRUE,TRUE,FALSE,TRUE,TRUE,FALSE,FALSE
Data Transformation Specialist- eCommerce Marketplace,"Simon Property Group, Inc.",Indianapolis,IN,FALSE,FALSE,FALSE,FALSE,FALSE,FALSE,FALSE,FALSE,TRUE,FALSE,TRUE,FALSE,FALSE,FALSE
Big Data Architect,BCM Resources LLC,Boston,MA,TRUE,TRUE,TRUE,FALSE,FALSE,TRUE,FALSE,TRUE,TRUE,TRUE,FALSE,TRUE,TRUE,FALSE
Data Engineer,Prosoft Technologies Inc,San Jose,CA,FALSE,FALSE,FALSE,FALSE,FALSE,TRUE,FALSE,TRUE,TRUE,FALSE,FALSE,FALSE,FALSE,FALSE
System and Data Analytics Analyst (2017-5096),Fisher Investments,San Mateo,CA,FALSE,FALSE,TRUE,FALSE,FALSE,FALSE,FALSE,FALSE,TRUE,FALSE,FALSE,TRUE,TRUE,FALSE
Data Architect/Modeler,"Harmonia, Inc",Kansas City,MO,FALSE,FALSE,FALSE,FALSE,FALSE,FALSE,FALSE,FALSE,TRUE,FALSE,FALSE,FALSE,FALSE,FALSE
Enterprise Data Architect,Harland Clarke,Livonia,MI,TRUE,FALSE,FALSE,FALSE,FALSE,FALSE,FALSE,FALSE,TRUE,FALSE,FALSE,FALSE,FALSE,FALSE
Microsoft Data Analytics Developer,SWC Technology Partners,Oak Brook,IL,FALSE,FALSE,FALSE,FALSE,FALSE,FALSE,FALSE,FALSE,TRUE,FALSE,TRUE,FALSE,TRUE,TRUE
Master Data Management Developer,Healthfirst,New York,NY,FALSE,FALSE,FALSE,FALSE,FALSE,FALSE,FALSE,FALSE,FALSE,FALSE,FALSE,FALSE,FALSE,FALSE
Big Data Analyst,"GreenZone Solutions, Inc.",Washington,DC,FALSE,FALSE,TRUE,TRUE,TRUE,FALSE,FALSE,TRUE,TRUE,FALSE,TRUE,TRUE,FALSE,FALSE
"Big Data Technology ""Athlete"" - Database Development Engineer",CGI,Lafayette,LA,TRUE,FALSE,FALSE,FALSE,FALSE,TRUE,TRUE,TRUE,TRUE,FALSE,TRUE,FALSE,TRUE,FALSE
IT Infrastructure Manager - Data Center Services,Allianz Life Insurance Company of North America,Minneapolis,MN,FALSE,FALSE,FALSE,FALSE,FALSE,FALSE,FALSE,FALSE,FALSE,FALSE,FALSE,FALSE,FALSE,FALSE
DATA WAREHOUSE AND OEBS SUPERVISOR,Virginia State Police,North Chesterfield,VA,FALSE,FALSE,FALSE,FALSE,FALSE,FALSE,FALSE,FALSE,FALSE,FALSE,FALSE,FALSE,FALSE,FALSE
Data Consultant,Take2 Consulting,Arlington,VA,FALSE,FALSE,FALSE,FALSE,FALSE,TRUE,FALSE,FALSE,TRUE,FALSE,FALSE,FALSE,FALSE,FALSE
Data Warehouse Developer/DBA II,Computershare,Highlands Ranch,CO,FALSE,FALSE,FALSE,FALSE,FALSE,FALSE,FALSE,FALSE,TRUE,FALSE,FALSE,FALSE,FALSE,FALSE
Specialist Data Scientist,NICE Systems,Pune,Pune,FALSE,FALSE,TRUE,TRUE,FALSE,TRUE,FALSE,TRUE,TRUE,FALSE,FALSE,TRUE,FALSE,FALSE
Campaign Data Developer,SAGE Publications,Thousand Oaks,CA,FALSE,FALSE,FALSE,FALSE,FALSE,FALSE,FALSE,FALSE,TRUE,FALSE,FALSE,TRUE,FALSE,FALSE
Data Analyst\Database Developer,ADD Systems,Warwick,RI,FALSE,FALSE,FALSE,FALSE,FALSE,FALSE,FALSE,FALSE,TRUE,FALSE,FALSE,TRUE,FALSE,FALSE
"Project Executive, Data Intelligence",Warner Bros. Entertainment,Burbank,CA,FALSE,FALSE,FALSE,FALSE,FALSE,FALSE,FALSE,FALSE,FALSE,FALSE,TRUE,FALSE,FALSE,FALSE
SAP FMS Master Data Consultant,CenturyLink,Edison,NJ,FALSE,FALSE,FALSE,FALSE,FALSE,FALSE,FALSE,FALSE,FALSE,FALSE,FALSE,FALSE,FALSE,FALSE
Data Center Engineer,HCL America Inc.,Lakewood,CA,FALSE,FALSE,FALSE,FALSE,FALSE,FALSE,FALSE,FALSE,FALSE,FALSE,FALSE,FALSE,FALSE,FALSE
Senior Data Scientist,Innovative Solutions,Saint Louis,MO,TRUE,FALSE,TRUE,TRUE,FALSE,FALSE,FALSE,TRUE,TRUE,TRUE,FALSE,FALSE,FALSE,FALSE
Data Visualization Specialist 7561679AAD*,SyApps,Washington,DC,FALSE,FALSE,TRUE,TRUE,FALSE,FALSE,FALSE,FALSE,TRUE,FALSE,TRUE,FALSE,FALSE,FALSE
Lead Data Scientist,Alliance Sourcing Network,Mahwah,NJ,TRUE,TRUE,TRUE,FALSE,FALSE,FALSE,FALSE,TRUE,TRUE,FALSE,FALSE,FALSE,TRUE,FALSE
Senior Data Modeler Consultant,Impact Makers,Richmond,VA,FALSE,FALSE,TRUE,TRUE,FALSE,FALSE,FALSE,TRUE,TRUE,FALSE,TRUE,FALSE,FALSE,TRUE
Principal Data Solutions Architect,"Smartronix, Inc",Herndon,VA,FALSE,FALSE,TRUE,FALSE,FALSE,TRUE,FALSE,TRUE,TRUE,TRUE,FALSE,FALSE,TRUE,TRUE
Data & BI Architect,Hill Physicians Medical Group/PriMed,San Ramon,CA,TRUE,FALSE,FALSE,FALSE,FALSE,FALSE,FALSE,FALSE,TRUE,TRUE,TRUE,FALSE,TRUE,FALSE
Enterprise Systems Architect (Big Data),"Ascena Retail Group, Inc",Pataskala,OH,TRUE,FALSE,TRUE,FALSE,FALSE,FALSE,FALSE,FALSE,FALSE,FALSE,FALSE,FALSE,FALSE,FALSE
Data Analyst II,GM Financial,Arlington,TX,TRUE,TRUE,FALSE,FALSE,FALSE,FALSE,FALSE,FALSE,TRUE,FALSE,FALSE,FALSE,FALSE,FALSE
Data Strategy Manager,Eastern Bank,Lynn,MA,TRUE,FALSE,FALSE,FALSE,FALSE,FALSE,FALSE,FALSE,FALSE,FALSE,FALSE,FALSE,FALSE,FALSE
Data Analyst,Etouch Systems Corp,San Jose,CA,FALSE,FALSE,TRUE,FALSE,FALSE,FALSE,FALSE,TRUE,TRUE,FALSE,TRUE,TRUE,FALSE,FALSE
Lead Data Scientist,3Ci,Hoboken,NJ,FALSE,FALSE,TRUE,TRUE,FALSE,FALSE,FALSE,FALSE,TRUE,FALSE,TRUE,FALSE,TRUE,FALSE
Insurance Data/QA analyst,ISO,Jersey City,NJ,FALSE,FALSE,FALSE,FALSE,FALSE,FALSE,FALSE,FALSE,TRUE,FALSE,FALSE,FALSE,FALSE,FALSE
Data Manager / SQL Developer,UNIVERSAL Technologies,Brooklyn,NY,FALSE,FALSE,FALSE,FALSE,FALSE,FALSE,FALSE,FALSE,TRUE,FALSE,FALSE,FALSE,FALSE,FALSE
Data Architect,Nabors,Houston,TX,FALSE,FALSE,FALSE,FALSE,FALSE,FALSE,FALSE,FALSE,TRUE,TRUE,FALSE,FALSE,FALSE,FALSE
Senior Data Engineer,Tronc,Chicago,IL,FALSE,TRUE,FALSE,FALSE,FALSE,TRUE,FALSE,TRUE,TRUE,FALSE,FALSE,FALSE,TRUE,FALSE
Data Architect,ULINE,Pleasant Prairie,WI,TRUE,FALSE,FALSE,FALSE,FALSE,TRUE,FALSE,FALSE,TRUE,TRUE,FALSE,FALSE,FALSE,FALSE
Data Quality (ETL/IDQ) Developer,Dovel Technologies,Mclean,VA,FALSE,FALSE,FALSE,FALSE,FALSE,FALSE,FALSE,FALSE,TRUE,FALSE,FALSE,FALSE,FALSE,FALSE
Automotive Data Analyst,Dominion Enterprises,Beverly,MA,FALSE,FALSE,FALSE,FALSE,FALSE,FALSE,FALSE,FALSE,FALSE,FALSE,FALSE,TRUE,FALSE,FALSE
Data Analyst,"Social Finance, Inc.",Cottonwood Heights,UT,FALSE,FALSE,FALSE,FALSE,FALSE,FALSE,FALSE,TRUE,TRUE,FALSE,TRUE,FALSE,FALSE,FALSE
Product Engineering Data Scientist,"Virtustream, Inc",Atlanta,GA,TRUE,FALSE,FALSE,TRUE,FALSE,FALSE,FALSE,FALSE,TRUE,FALSE,TRUE,FALSE,FALSE,FALSE
Data Conversion Specialist,Modernizing Medicine,Boca Raton,FL,FALSE,FALSE,FALSE,FALSE,FALSE,FALSE,FALSE,FALSE,TRUE,FALSE,FALSE,TRUE,FALSE,FALSE
Technical Data Lead,Global Sumi Technologies Inc,Washington,DC,TRUE,TRUE,FALSE,FALSE,FALSE,FALSE,FALSE,FALSE,FALSE,FALSE,TRUE,FALSE,FALSE,FALSE
Enterprise Architect - Data and Analytics,"Bridgestone Americas, Inc",Nashville,TN,TRUE,FALSE,FALSE,FALSE,FALSE,FALSE,FALSE,FALSE,FALSE,TRUE,FALSE,FALSE,TRUE,FALSE
Data Architect (SME II),Coact Inc,Colorado Springs,CO,TRUE,FALSE,FALSE,FALSE,FALSE,FALSE,FALSE,FALSE,TRUE,FALSE,FALSE,FALSE,FALSE,FALSE
Data Engineer,FactSet,New York,NY,FALSE,FALSE,FALSE,FALSE,FALSE,FALSE,FALSE,TRUE,TRUE,FALSE,FALSE,FALSE,FALSE,FALSE
Senior Data Specialist,Access Staffing,New York,NY,FALSE,FALSE,FALSE,FALSE,FALSE,FALSE,FALSE,TRUE,TRUE,FALSE,FALSE,FALSE,FALSE,FALSE
DW/BI Data Modelling,Brothers Consulting,Newport Beach,CA,FALSE,FALSE,FALSE,FALSE,FALSE,FALSE,FALSE,FALSE,FALSE,FALSE,FALSE,FALSE,FALSE,FALSE
Data Engineer,Penn Medicine,Philadelphia,PA,FALSE,FALSE,FALSE,FALSE,FALSE,TRUE,FALSE,FALSE,TRUE,FALSE,FALSE,FALSE,FALSE,FALSE
Data Analyst,"Brookdale Associates, LLC",New Haven,CT,FALSE,FALSE,FALSE,FALSE,FALSE,FALSE,FALSE,FALSE,TRUE,FALSE,FALSE,FALSE,FALSE,FALSE
Sr. Software Engineer (Data Engineering) - mobile games,"Nexon America, Inc.",Emeryville,CA,TRUE,TRUE,FALSE,FALSE,FALSE,TRUE,FALSE,TRUE,TRUE,FALSE,FALSE,FALSE,FALSE,TRUE
Lead Infrastructure Architect to build next generation Data Centers,"OSI Engineering, Inc.",Mountain View,CA,TRUE,TRUE,FALSE,FALSE,FALSE,FALSE,FALSE,FALSE,TRUE,FALSE,FALSE,FALSE,FALSE,FALSE
Oracle PL/SQL Data Warehouse Developer,Radixx International,Orlando,FL,FALSE,FALSE,FALSE,FALSE,FALSE,FALSE,FALSE,FALSE,TRUE,FALSE,FALSE,FALSE,FALSE,FALSE
Marketing Data Specialist,The Creative Group,Raleigh,NC,FALSE,FALSE,FALSE,FALSE,FALSE,FALSE,FALSE,FALSE,FALSE,FALSE,FALSE,TRUE,FALSE,FALSE
SR Data Validation Analyst 26i,INADEV,Woodlawn,MD,FALSE,FALSE,FALSE,FALSE,FALSE,FALSE,FALSE,FALSE,FALSE,FALSE,FALSE,FALSE,FALSE,FALSE
EDW Lead Developer/Data Modeler,NYU Langone Medical Center,Nyu Langone Health,NY,TRUE,FALSE,FALSE,FALSE,FALSE,FALSE,FALSE,FALSE,TRUE,FALSE,FALSE,FALSE,FALSE,FALSE
Data Warehouse Production Support Analyst,Smart Resources,Richmond,VA,FALSE,FALSE,FALSE,FALSE,FALSE,FALSE,FALSE,FALSE,TRUE,FALSE,FALSE,FALSE,FALSE,FALSE
Oracle Fusion SCM Functional Consultant(Product Data Hub/Oracle MDM),Triniti Corporation,San Jose,CA,FALSE,FALSE,FALSE,FALSE,FALSE,FALSE,FALSE,FALSE,FALSE,FALSE,FALSE,FALSE,FALSE,FALSE
Data / Systems Business Analyst II,"Health Management Systems, Inc",Irving,TX,FALSE,FALSE,FALSE,FALSE,FALSE,TRUE,FALSE,FALSE,TRUE,FALSE,FALSE,TRUE,FALSE,FALSE
Sales Data Analyst,Creative Circle,Detroit,MI,FALSE,FALSE,FALSE,FALSE,FALSE,FALSE,FALSE,FALSE,FALSE,FALSE,TRUE,TRUE,FALSE,FALSE
Big Data Developer,RMS Computer Corporation,Jersey City,NJ,TRUE,TRUE,FALSE,FALSE,FALSE,TRUE,FALSE,TRUE,FALSE,FALSE,FALSE,FALSE,TRUE,FALSE
Data Warehouse Analyst,US Information Technologies Corporation,Chantilly,VA,FALSE,FALSE,FALSE,FALSE,FALSE,FALSE,FALSE,FALSE,TRUE,FALSE,FALSE,FALSE,FALSE,FALSE
Data Manager,The Climate Reality Project,Washington,DC,FALSE,FALSE,FALSE,FALSE,FALSE,TRUE,FALSE,FALSE,TRUE,FALSE,FALSE,FALSE,FALSE,FALSE
Senior Data Architect,California State University Northridge,Northridge,CA,FALSE,FALSE,FALSE,FALSE,FALSE,FALSE,FALSE,FALSE,TRUE,FALSE,TRUE,FALSE,FALSE,FALSE
Data Engineer,Federal Reserve System,Kansas City,MO,FALSE,FALSE,FALSE,FALSE,FALSE,FALSE,FALSE,TRUE,TRUE,FALSE,FALSE,FALSE,FALSE,FALSE
Data Base Analyst/Administrator,Empire Southwest,Mesa,AZ,FALSE,FALSE,FALSE,FALSE,FALSE,FALSE,FALSE,FALSE,TRUE,FALSE,FALSE,FALSE,FALSE,FALSE
Lead Cloud Data Security Technologist,Travelers,Hartford,CT,FALSE,FALSE,FALSE,FALSE,FALSE,FALSE,FALSE,FALSE,FALSE,FALSE,FALSE,FALSE,FALSE,FALSE
Business Analyst III Shared Data/UDI,"Arthrex, Inc.",Naples,FL,FALSE,FALSE,FALSE,FALSE,FALSE,FALSE,FALSE,FALSE,TRUE,FALSE,FALSE,FALSE,FALSE,FALSE
"Senior Data Analyst, Reporting Team",Aon Corporation,Stamford,CT,FALSE,FALSE,TRUE,FALSE,FALSE,FALSE,FALSE,TRUE,TRUE,FALSE,TRUE,TRUE,TRUE,FALSE
Data Scientist,Publishers Clearing House,Jericho,NY,TRUE,FALSE,FALSE,TRUE,FALSE,FALSE,FALSE,FALSE,TRUE,FALSE,FALSE,FALSE,TRUE,FALSE
Data Communications Specialist,Los Angeles Community College District,Los Angeles,CA,FALSE,FALSE,FALSE,FALSE,FALSE,FALSE,FALSE,FALSE,FALSE,FALSE,FALSE,FALSE,FALSE,FALSE
Power BI - Google Data Studio Developer,Softnice Inc,Chicago,IL,TRUE,FALSE,TRUE,FALSE,FALSE,FALSE,FALSE,FALSE,TRUE,FALSE,TRUE,FALSE,TRUE,FALSE
Lead Data Architect,Goahead Solutions,Rochester,NY,TRUE,TRUE,TRUE,FALSE,FALSE,TRUE,FALSE,TRUE,TRUE,TRUE,FALSE,FALSE,TRUE,FALSE
Data Scientist,e-Primary,Chesterbrook,PA,TRUE,TRUE,TRUE,TRUE,FALSE,TRUE,FALSE,TRUE,FALSE,FALSE,FALSE,FALSE,TRUE,FALSE
Data Scientist,VEDICSOFT,Austin,TX,FALSE,TRUE,TRUE,TRUE,FALSE,FALSE,FALSE,TRUE,TRUE,FALSE,FALSE,FALSE,TRUE,FALSE
Big Data Engineer,CompuGain Corporation,Mclean,VA,TRUE,TRUE,FALSE,FALSE,FALSE,TRUE,FALSE,TRUE,FALSE,FALSE,FALSE,FALSE,TRUE,FALSE
Lead Technical Collibra Developer - Data Governance,Corporate,Hightstown,NJ,FALSE,FALSE,FALSE,FALSE,FALSE,TRUE,FALSE,FALSE,TRUE,FALSE,FALSE,FALSE,FALSE,FALSE
Senior Data Analyst,Decision Path Consulting,Arlington,VA,FALSE,FALSE,FALSE,FALSE,FALSE,FALSE,FALSE,FALSE,TRUE,FALSE,FALSE,FALSE,FALSE,FALSE
Consulting ? Senior RAS IT Advisory Data Analytics,RSM US LLP,Raleigh,NC,FALSE,FALSE,FALSE,TRUE,FALSE,FALSE,FALSE,FALSE,TRUE,FALSE,TRUE,TRUE,FALSE,FALSE
Staff Big Data Engineer,ThredUp,San Francisco,CA,TRUE,TRUE,FALSE,FALSE,FALSE,TRUE,FALSE,TRUE,TRUE,FALSE,FALSE,FALSE,TRUE,FALSE
Business Data Analyst 2,Asurion LLC,Sterling,VA,FALSE,FALSE,FALSE,FALSE,FALSE,FALSE,FALSE,FALSE,TRUE,FALSE,FALSE,FALSE,FALSE,FALSE
Data Analyst (Senior Associate / Vice President) - Research Technology,Morgan Stanley UK Limited,New York,NY,FALSE,FALSE,FALSE,FALSE,FALSE,FALSE,FALSE,FALSE,TRUE,TRUE,TRUE,TRUE,FALSE,FALSE
Data Protection Engineer (Avamar - Enterprise) Job,SAIC,Springfield,VA,FALSE,FALSE,FALSE,FALSE,FALSE,FALSE,FALSE,FALSE,FALSE,FALSE,FALSE,FALSE,FALSE,FALSE
Director Data Warehouse,"LegalZoom.com, Inc.",Glendale,CA,TRUE,FALSE,TRUE,TRUE,FALSE,FALSE,FALSE,FALSE,TRUE,FALSE,FALSE,FALSE,FALSE,FALSE
Data Architect,"NTT DATA, Inc.",Wilmington,DE,FALSE,FALSE,FALSE,FALSE,FALSE,FALSE,FALSE,FALSE,FALSE,FALSE,FALSE,FALSE,FALSE,FALSE
"Senior Director Product Management, Big Data",Informatica,Redwood City,CA,FALSE,FALSE,TRUE,FALSE,FALSE,FALSE,FALSE,FALSE,FALSE,FALSE,FALSE,FALSE,FALSE,FALSE
Data Analyst,MotivAction,Plymouth,MN,FALSE,FALSE,FALSE,FALSE,FALSE,FALSE,FALSE,FALSE,TRUE,FALSE,FALSE,TRUE,FALSE,FALSE
Data Center Systems Administrator,Albany International Corp,Rochester,NH,FALSE,FALSE,FALSE,FALSE,FALSE,FALSE,FALSE,FALSE,TRUE,FALSE,FALSE,FALSE,FALSE,FALSE
Big Data Developer,"Forsythe Technology, Inc.",Centennial,CO,TRUE,TRUE,FALSE,FALSE,FALSE,TRUE,FALSE,FALSE,FALSE,FALSE,FALSE,FALSE,FALSE,FALSE
Enterprise Data Warehouse Developer,Christian Care Ministry,Melbourne,FL,FALSE,FALSE,FALSE,FALSE,FALSE,FALSE,FALSE,FALSE,TRUE,FALSE,FALSE,FALSE,FALSE,FALSE
Class Action Data Analyst,Jackson Lewis P.C.,Sacramento,CA,FALSE,FALSE,FALSE,FALSE,FALSE,FALSE,FALSE,FALSE,FALSE,FALSE,FALSE,TRUE,FALSE,FALSE
Data Warehouse Administrator,Summit Racing Equipment,Tallmadge,OH,FALSE,FALSE,FALSE,FALSE,FALSE,FALSE,FALSE,FALSE,TRUE,FALSE,FALSE,FALSE,FALSE,FALSE
C++ Market Data Feeds Developer,Stevens Capital Management LP,Radnor,PA,FALSE,FALSE,FALSE,FALSE,FALSE,FALSE,FALSE,FALSE,FALSE,FALSE,FALSE,FALSE,FALSE,FALSE
Systems Administrator (Data Center),"Susquehanna International Group, LLP",Bala Cynwyd,PA,FALSE,FALSE,FALSE,FALSE,FALSE,FALSE,FALSE,FALSE,TRUE,FALSE,FALSE,FALSE,FALSE,FALSE
Senior Data Platform Engineer,"AAA Northern California, Nevada & Utah",Walnut Creek,CA,FALSE,FALSE,FALSE,FALSE,FALSE,FALSE,FALSE,FALSE,FALSE,FALSE,FALSE,FALSE,FALSE,FALSE
JUNIOR DATA ANALYST,ACA Compliance Group,Iselin,NJ,FALSE,FALSE,FALSE,FALSE,FALSE,FALSE,FALSE,FALSE,TRUE,FALSE,FALSE,TRUE,FALSE,FALSE
Sr Big Data Engineer,HP Inc,Houston,TX,TRUE,TRUE,FALSE,FALSE,FALSE,TRUE,FALSE,FALSE,TRUE,FALSE,FALSE,FALSE,FALSE,TRUE
Data Architect,MedStar Health,Baltimore,MD,FALSE,FALSE,FALSE,FALSE,FALSE,FALSE,FALSE,FALSE,FALSE,FALSE,FALSE,FALSE,FALSE,FALSE
Data Scientist,Aruba HPE,Santa Clara,CA,TRUE,FALSE,FALSE,FALSE,FALSE,FALSE,FALSE,TRUE,FALSE,FALSE,FALSE,FALSE,TRUE,FALSE
Senior Developer - Big Data:,"Humana, Inc.",Louisville,KY,TRUE,TRUE,TRUE,FALSE,FALSE,TRUE,FALSE,TRUE,TRUE,FALSE,FALSE,FALSE,TRUE,FALSE
AMI Data Specialist,"Clay Electric Cooperative, Inc.",Keystone Heights,FL,FALSE,FALSE,FALSE,FALSE,FALSE,FALSE,FALSE,FALSE,FALSE,FALSE,FALSE,FALSE,FALSE,FALSE
Signal Processing & Data Analyst,GenapSys,Redwood City,CA,FALSE,FALSE,FALSE,FALSE,FALSE,FALSE,FALSE,FALSE,FALSE,FALSE,FALSE,FALSE,TRUE,FALSE
Data Developer,Avea Solutions,Portland,OR,FALSE,FALSE,FALSE,FALSE,FALSE,FALSE,FALSE,FALSE,TRUE,FALSE,FALSE,FALSE,FALSE,FALSE
Data Architect,"PRIMUS Global Services Inc.,",Houston,TX,TRUE,TRUE,FALSE,FALSE,FALSE,TRUE,FALSE,TRUE,TRUE,TRUE,FALSE,FALSE,FALSE,FALSE
Data Engineer,"Partner's Consulting, Inc.",Philadelphia,PA,TRUE,TRUE,FALSE,FALSE,FALSE,TRUE,FALSE,TRUE,FALSE,FALSE,FALSE,FALSE,TRUE,FALSE
Big Data developer,Applied Thought Auditors & Consultants Inc.,San Diego,CA,TRUE,TRUE,FALSE,FALSE,FALSE,TRUE,FALSE,FALSE,FALSE,TRUE,FALSE,FALSE,TRUE,FALSE
Data Scientist,"Sun Technologies,Inc.",El Segundo,CA,FALSE,FALSE,TRUE,TRUE,FALSE,FALSE,FALSE,FALSE,TRUE,TRUE,TRUE,FALSE,FALSE,FALSE
Data Analyst/Big Data Analytics,Enterprise Solutions,Hillsboro,OR,TRUE,FALSE,TRUE,FALSE,FALSE,FALSE,FALSE,TRUE,TRUE,FALSE,TRUE,TRUE,FALSE,FALSE
Hadoop Data Engineer,"Innovative Information Technologies, Inc",New York,NY,TRUE,TRUE,FALSE,FALSE,FALSE,TRUE,FALSE,TRUE,TRUE,TRUE,FALSE,FALSE,TRUE,FALSE
Senior data analyst,A2C Consulting,Philadelphia,PA,TRUE,FALSE,TRUE,TRUE,FALSE,FALSE,FALSE,FALSE,TRUE,FALSE,TRUE,FALSE,FALSE,FALSE
Data Scientist,Red Commerce,Atlanta,GA,FALSE,FALSE,TRUE,FALSE,FALSE,FALSE,FALSE,TRUE,TRUE,TRUE,FALSE,FALSE,FALSE,FALSE
Hadoop Big Data Architect (Insurance Domain - Policy),"Saama Technologies, Inc.",Madison,WI,TRUE,TRUE,FALSE,FALSE,FALSE,FALSE,FALSE,FALSE,FALSE,TRUE,FALSE,FALSE,FALSE,FALSE
Data Scientist,Tech Mahindra (Americas) Inc.,Austin,TX,FALSE,FALSE,FALSE,FALSE,FALSE,FALSE,FALSE,TRUE,FALSE,FALSE,FALSE,FALSE,FALSE,FALSE
TSO INTERNAL APPLICATIONS DATA ANALYST,UW Medicine Health System,Seattle,WA,FALSE,FALSE,FALSE,FALSE,FALSE,FALSE,FALSE,FALSE,TRUE,FALSE,FALSE,TRUE,FALSE,FALSE
"Manager, Enterprise Data Management",Inovalon,Bowie,MD,TRUE,FALSE,FALSE,FALSE,FALSE,FALSE,FALSE,FALSE,TRUE,FALSE,FALSE,FALSE,FALSE,FALSE
Big Data Architect,Stabilis Professional Services,Windsor,CT,TRUE,TRUE,FALSE,FALSE,FALSE,FALSE,FALSE,FALSE,TRUE,FALSE,FALSE,FALSE,FALSE,FALSE
Big Data Developer Lead,"AmeriHealth Caritas Services, LLC",Philadelphia,PA,TRUE,TRUE,FALSE,TRUE,FALSE,TRUE,FALSE,FALSE,TRUE,TRUE,FALSE,FALSE,FALSE,FALSE
Cloud Data Architect,Unisys Federal,Alexandria,VA,FALSE,FALSE,FALSE,FALSE,FALSE,FALSE,FALSE,FALSE,TRUE,FALSE,FALSE,FALSE,FALSE,FALSE
BIG DATA DEVELOPER,Gemini Solutions,Newport Beach,CA,FALSE,TRUE,FALSE,FALSE,FALSE,TRUE,FALSE,TRUE,TRUE,FALSE,FALSE,FALSE,TRUE,FALSE
Data Engineer,Charles Schwab,Lone Tree,CO,TRUE,FALSE,FALSE,FALSE,FALSE,TRUE,FALSE,TRUE,TRUE,TRUE,FALSE,FALSE,FALSE,FALSE
Global Distribution Data Analyst,Delta Air Lines Inc,Atlanta,GA,FALSE,FALSE,FALSE,TRUE,FALSE,FALSE,FALSE,FALSE,TRUE,FALSE,TRUE,TRUE,FALSE,FALSE
SAP Data Analyst,Eli Lilly and Company,Indianapolis,IN,FALSE,FALSE,FALSE,FALSE,FALSE,FALSE,FALSE,FALSE,FALSE,FALSE,FALSE,TRUE,FALSE,FALSE
Security Analytics Data Platform Engineer,Hewlett Packard Enterprise Company,Houston,TX,TRUE,FALSE,FALSE,FALSE,FALSE,FALSE,TRUE,TRUE,TRUE,FALSE,FALSE,FALSE,FALSE,FALSE
Data Architect,Loma Linda University,San Bernardino,CA,FALSE,FALSE,FALSE,FALSE,FALSE,FALSE,FALSE,FALSE,TRUE,FALSE,FALSE,FALSE,FALSE,FALSE
"Principal Software Engineer, Data Warehouse","Paycor, Inc.",Cincinnati,OH,TRUE,FALSE,FALSE,FALSE,FALSE,FALSE,FALSE,FALSE,TRUE,TRUE,TRUE,FALSE,FALSE,FALSE
Data Furnishing Specialist,GreenSky Credit,Atlanta,GA,FALSE,FALSE,FALSE,FALSE,FALSE,FALSE,FALSE,FALSE,FALSE,FALSE,FALSE,TRUE,FALSE,FALSE
Data Scientist | Analytics,Intellisearch,Jersey City,NJ,FALSE,FALSE,TRUE,TRUE,FALSE,FALSE,FALSE,TRUE,FALSE,FALSE,FALSE,FALSE,TRUE,FALSE
Sr Software Engineer- FlightStats- Data Acquisition Team,Reed Business Information,Portland,OR,FALSE,FALSE,FALSE,FALSE,FALSE,TRUE,FALSE,FALSE,FALSE,FALSE,FALSE,FALSE,FALSE,FALSE
Data Center Facilities Specialist,Covisint,Pleasanton,CA,FALSE,FALSE,FALSE,FALSE,FALSE,FALSE,FALSE,FALSE,FALSE,FALSE,FALSE,TRUE,FALSE,FALSE
Data Capture Specialist,"DST Systems, Inc",Kansas City,MO,FALSE,FALSE,FALSE,FALSE,FALSE,FALSE,FALSE,FALSE,FALSE,FALSE,FALSE,FALSE,FALSE,FALSE
RenWeb IT Data Conversion Specialist,Nelnet,Burleson,TX,FALSE,FALSE,FALSE,FALSE,FALSE,FALSE,FALSE,FALSE,TRUE,FALSE,FALSE,TRUE,FALSE,FALSE
Sales Data Analyst,"Adil Analytics, Inc.",Herndon,VA,FALSE,FALSE,FALSE,FALSE,FALSE,FALSE,FALSE,FALSE,FALSE,FALSE,FALSE,FALSE,FALSE,FALSE
Data Analyst,Exaktime,Calabasas,CA,FALSE,FALSE,FALSE,FALSE,FALSE,FALSE,FALSE,FALSE,TRUE,FALSE,FALSE,TRUE,FALSE,FALSE
Data Modeller,"Syntel, Inc.",Atlanta,GA,FALSE,FALSE,FALSE,FALSE,FALSE,FALSE,FALSE,FALSE,FALSE,FALSE,FALSE,FALSE,FALSE,FALSE
Data Engineer,Evolvinc.com,Burbank,CA,TRUE,TRUE,FALSE,FALSE,FALSE,TRUE,FALSE,TRUE,FALSE,FALSE,FALSE,FALSE,FALSE,FALSE
Data Center Technician,Phoenix NAP,Phoenix,AZ,FALSE,FALSE,FALSE,FALSE,FALSE,FALSE,FALSE,FALSE,FALSE,FALSE,FALSE,FALSE,FALSE,FALSE
Data Network Engineer,Bluegrass Cellular,Elizabethtown,KY,FALSE,FALSE,FALSE,FALSE,FALSE,FALSE,FALSE,FALSE,FALSE,FALSE,FALSE,FALSE,FALSE,FALSE
Senior Data Scientist,Dex Media,Virtual,Virtual,TRUE,TRUE,TRUE,FALSE,FALSE,FALSE,FALSE,TRUE,TRUE,TRUE,FALSE,FALSE,TRUE,FALSE
IT - Application - Data Support Analyst level IV,RD Data Solutions,Houston,TX,FALSE,FALSE,FALSE,FALSE,FALSE,FALSE,FALSE,FALSE,TRUE,FALSE,TRUE,FALSE,FALSE,FALSE
Data Analyst,"Digital Intelligence Systems, LLC",Menlo Park,CA,FALSE,FALSE,FALSE,FALSE,FALSE,FALSE,FALSE,TRUE,TRUE,FALSE,TRUE,FALSE,FALSE,FALSE
Sr. Data Engineer,DRISHTICON,Sunnyvale,CA,TRUE,TRUE,TRUE,TRUE,FALSE,TRUE,FALSE,TRUE,TRUE,FALSE,TRUE,FALSE,FALSE,FALSE
REMOTE Big Data Developer,"Apex Systems, Inc",Saint Louis,MO,TRUE,TRUE,TRUE,FALSE,FALSE,TRUE,FALSE,TRUE,FALSE,FALSE,FALSE,FALSE,FALSE,FALSE
Data Scientist,Preferred Resources,Saint Louis,MO,FALSE,FALSE,TRUE,FALSE,FALSE,TRUE,FALSE,TRUE,TRUE,FALSE,FALSE,FALSE,TRUE,FALSE
Data Scientist,GSRINC,San Francisco,CA,FALSE,TRUE,TRUE,FALSE,FALSE,FALSE,FALSE,TRUE,TRUE,FALSE,FALSE,FALSE,FALSE,FALSE
Senior Data Analyst,JustinBradley,Herndon,VA,FALSE,FALSE,FALSE,FALSE,FALSE,FALSE,FALSE,FALSE,TRUE,FALSE,FALSE,TRUE,FALSE,FALSE
SAP BW/SAP Data Service (DS) Consultant,Econosoft,Naperville,IL,FALSE,FALSE,TRUE,FALSE,FALSE,FALSE,FALSE,FALSE,FALSE,FALSE,FALSE,FALSE,FALSE,FALSE
Data Architect,Equi-Tek LLC,Atlanta,GA,FALSE,FALSE,FALSE,FALSE,FALSE,FALSE,FALSE,FALSE,TRUE,FALSE,FALSE,TRUE,FALSE,FALSE
Data Analyst,Matlen Silver,Charlotte,NC,FALSE,FALSE,FALSE,FALSE,FALSE,FALSE,FALSE,FALSE,TRUE,FALSE,FALSE,TRUE,FALSE,FALSE
Data Center Manager,Insight,Hanover,MD,FALSE,FALSE,FALSE,FALSE,FALSE,FALSE,FALSE,FALSE,FALSE,FALSE,FALSE,FALSE,FALSE,FALSE
Test Data Management developer,MSys Technologies - USA,Atlanta,GA,FALSE,FALSE,FALSE,FALSE,FALSE,TRUE,FALSE,FALSE,TRUE,FALSE,FALSE,FALSE,FALSE,FALSE
Data Lineage Specialist,Cquensys,Chicago,IL,TRUE,FALSE,FALSE,FALSE,FALSE,TRUE,FALSE,FALSE,TRUE,TRUE,FALSE,TRUE,FALSE,FALSE
Big Data Developer - Microsoft Azure / Data Lake,InherentTechnologies,Seattle,WA,FALSE,FALSE,FALSE,FALSE,FALSE,FALSE,FALSE,FALSE,FALSE,FALSE,FALSE,FALSE,FALSE,FALSE
Big Data Lead,"Talent Minds Network, Inc.",Greenville,SC,TRUE,TRUE,FALSE,FALSE,FALSE,FALSE,FALSE,FALSE,FALSE,FALSE,FALSE,FALSE,FALSE,FALSE
Salesforce.com Business/Data Analyst,Acme Data,San Francisco,CA,FALSE,FALSE,FALSE,FALSE,FALSE,FALSE,FALSE,FALSE,FALSE,FALSE,FALSE,FALSE,FALSE,FALSE
Web-Data-Analyst,Global IT Family,Colorado Springs,CO,FALSE,FALSE,FALSE,FALSE,FALSE,FALSE,FALSE,FALSE,TRUE,FALSE,FALSE,FALSE,FALSE,FALSE
ETL Infomatica with Data Analysis,Infocognize Inc,Baltimore,MD,FALSE,FALSE,FALSE,FALSE,FALSE,FALSE,FALSE,FALSE,FALSE,FALSE,FALSE,FALSE,FALSE,FALSE
Java/Big data developer,Spotline,Pleasanton,CA,TRUE,TRUE,FALSE,FALSE,FALSE,TRUE,TRUE,TRUE,TRUE,FALSE,FALSE,FALSE,FALSE,FALSE
Global Data and Alaystics API Specialist,Qstride,Detroit,MI,FALSE,FALSE,FALSE,FALSE,FALSE,FALSE,FALSE,FALSE,FALSE,FALSE,FALSE,FALSE,FALSE,FALSE
Sr. Data Warehouse / Business Intelligence Tester,Lumen Solutions Inc,Washington,DC,FALSE,FALSE,FALSE,FALSE,FALSE,TRUE,TRUE,FALSE,TRUE,FALSE,FALSE,FALSE,FALSE,FALSE
Data Engineer,Nucleus10,Mountain View,CA,FALSE,TRUE,FALSE,FALSE,FALSE,TRUE,FALSE,TRUE,FALSE,FALSE,FALSE,FALSE,FALSE,FALSE
Data/Voice Network Manager,JSR Tech Consulting,Roseland,NJ,FALSE,FALSE,FALSE,FALSE,FALSE,FALSE,TRUE,TRUE,FALSE,FALSE,FALSE,TRUE,FALSE,FALSE
Data Scientist,The Cydio Group,San Diego,CA,TRUE,FALSE,TRUE,FALSE,FALSE,FALSE,FALSE,TRUE,TRUE,FALSE,FALSE,FALSE,TRUE,FALSE
Data Modeler,"Numbers Only, Inc.",Columbus,NE,FALSE,FALSE,FALSE,FALSE,FALSE,FALSE,FALSE,FALSE,FALSE,FALSE,FALSE,FALSE,FALSE,FALSE
Data Warehouse Business Analyst,"NSD International, Inc.",Jersey City,NJ,FALSE,FALSE,FALSE,FALSE,FALSE,FALSE,FALSE,FALSE,TRUE,FALSE,FALSE,TRUE,FALSE,FALSE
Senior Data Analyst,Principle Solutions Group,The Woodlands,TX,FALSE,FALSE,FALSE,TRUE,FALSE,FALSE,FALSE,FALSE,TRUE,FALSE,FALSE,FALSE,FALSE,FALSE
Big Data Engineer - PySpark - AWS,Caserta Concepts,New York,NY,TRUE,TRUE,FALSE,FALSE,FALSE,FALSE,FALSE,FALSE,FALSE,FALSE,FALSE,FALSE,FALSE,TRUE
Data Engineer,"SBS Creatix, LLC",Saint Louis,MO,FALSE,FALSE,TRUE,FALSE,FALSE,FALSE,FALSE,FALSE,TRUE,FALSE,FALSE,FALSE,FALSE,FALSE
Data Scientist,Chronos Global Inc.,Cleveland,OH,FALSE,FALSE,FALSE,FALSE,FALSE,FALSE,FALSE,FALSE,FALSE,FALSE,FALSE,FALSE,FALSE,FALSE
Healthcare QNXT Data Warehouse Technical Tester,Change Healthcare,Richmond,VA,FALSE,FALSE,FALSE,FALSE,FALSE,FALSE,FALSE,FALSE,TRUE,FALSE,FALSE,TRUE,FALSE,FALSE
Data Management Expert/.Net Developer,TORQUE TECHNOLOGIES LLC,Quincy,MA,FALSE,FALSE,FALSE,FALSE,FALSE,FALSE,FALSE,FALSE,TRUE,FALSE,FALSE,FALSE,FALSE,FALSE
Java / Hadoop Developer for Top Investment Bank!,"Archer I.T., LLC",New York,NY,TRUE,TRUE,FALSE,FALSE,FALSE,TRUE,FALSE,FALSE,FALSE,FALSE,FALSE,FALSE,FALSE,FALSE
Senior Software Engineer (Java) - Data Services,Invenio Search Group,New York City,NY,FALSE,FALSE,FALSE,FALSE,FALSE,TRUE,FALSE,TRUE,TRUE,TRUE,FALSE,FALSE,FALSE,FALSE
Data Modeler,ICC,Columbus,OH,FALSE,FALSE,FALSE,FALSE,FALSE,FALSE,FALSE,FALSE,TRUE,FALSE,FALSE,FALSE,FALSE,FALSE
"Senior Infrastructure Manager (Data Center, AWS Cloud, Network, VMwar","Tiva Systems, Inc",Hayward,CA,FALSE,FALSE,FALSE,FALSE,FALSE,FALSE,FALSE,FALSE,FALSE,FALSE,FALSE,FALSE,FALSE,FALSE
Java/Big Data Architect - VP,Atyeti,Morrisville,NC,TRUE,TRUE,FALSE,FALSE,FALSE,TRUE,FALSE,FALSE,TRUE,FALSE,FALSE,FALSE,FALSE,FALSE
Senior Data Analyst - Clinical Informatics,City of Hope,Irwindale,CA,FALSE,FALSE,TRUE,TRUE,FALSE,FALSE,TRUE,TRUE,TRUE,FALSE,FALSE,FALSE,TRUE,FALSE
Data Architect,Intersys Consulting,Melville,NY,FALSE,FALSE,FALSE,FALSE,FALSE,FALSE,FALSE,FALSE,TRUE,TRUE,FALSE,FALSE,FALSE,FALSE
Senior Data Modeler,CTG,Mounds View,MN,TRUE,FALSE,FALSE,FALSE,FALSE,FALSE,FALSE,FALSE,FALSE,TRUE,FALSE,FALSE,FALSE,FALSE
Sr. Data Analyst,"TriTech Enterprise Systems, Inc.",Ogden,UT,FALSE,FALSE,FALSE,FALSE,FALSE,FALSE,FALSE,FALSE,TRUE,FALSE,FALSE,FALSE,FALSE,FALSE
"Sr Mgr, Billing Data Modeling",Spectrum,Maryland Heights,MO,TRUE,FALSE,TRUE,TRUE,FALSE,FALSE,FALSE,FALSE,TRUE,FALSE,FALSE,FALSE,FALSE,FALSE
Big Data Architect,Connexions Data Inc,Bethesda,MD,TRUE,TRUE,FALSE,FALSE,FALSE,TRUE,TRUE,TRUE,FALSE,TRUE,FALSE,FALSE,FALSE,TRUE
Business Intelligence Data Analytics Manager,"Atrilogy Solutions Group, Inc.",Los Angeles,CA,FALSE,FALSE,FALSE,FALSE,FALSE,FALSE,FALSE,FALSE,TRUE,FALSE,FALSE,FALSE,FALSE,FALSE
Data Integration Manager,Agile Premier,Carrollton,TX,FALSE,FALSE,FALSE,FALSE,FALSE,TRUE,FALSE,FALSE,TRUE,FALSE,FALSE,FALSE,FALSE,FALSE
Data Architect - R,Next Step Systems,Farmington Hills,MI,FALSE,FALSE,FALSE,FALSE,FALSE,FALSE,FALSE,FALSE,TRUE,FALSE,FALSE,FALSE,FALSE,FALSE
Big Data Tech Lead,CBIG Recruiting & Staffing,Chicago,IL,TRUE,TRUE,FALSE,FALSE,FALSE,TRUE,FALSE,FALSE,TRUE,TRUE,FALSE,FALSE,FALSE,FALSE
BIG DATA ARCHITECT with KAFKA and SPARK,"Pridevel Consulting, Inc",Bethesda,MD,TRUE,TRUE,FALSE,FALSE,FALSE,TRUE,TRUE,TRUE,FALSE,TRUE,FALSE,FALSE,FALSE,TRUE
Data Analytics Engineer,Cardinal Technology Solutions,Nyc,NY,TRUE,FALSE,TRUE,FALSE,FALSE,TRUE,FALSE,TRUE,TRUE,TRUE,TRUE,FALSE,FALSE,FALSE
Data Warehouse/ Business Intelligence Developer,"Configuration Management, Inc.",New York,NY,FALSE,FALSE,FALSE,FALSE,FALSE,FALSE,FALSE,FALSE,TRUE,FALSE,TRUE,FALSE,FALSE,FALSE
Data Architect,"Corps Team Services, LLC",Fort Washington,PA,TRUE,TRUE,FALSE,FALSE,FALSE,FALSE,FALSE,FALSE,FALSE,TRUE,FALSE,FALSE,TRUE,FALSE
Data Analyst 2 (Data Quality),Salient CRGT,Washington,DC,FALSE,FALSE,FALSE,TRUE,FALSE,FALSE,FALSE,FALSE,FALSE,FALSE,FALSE,FALSE,FALSE,FALSE
Data Analyst,Outline Systems Inc.,Somerset,NJ,FALSE,FALSE,FALSE,FALSE,FALSE,FALSE,FALSE,FALSE,TRUE,FALSE,FALSE,FALSE,FALSE,FALSE
Senior Data Modeler,Genesis10,Overland Park,KS,FALSE,FALSE,FALSE,FALSE,FALSE,FALSE,FALSE,FALSE,TRUE,FALSE,FALSE,FALSE,FALSE,FALSE
ETL/Pentaho Data Engineer,"Envoy Consulting Group, Inc",Rockville,MD,FALSE,FALSE,FALSE,FALSE,FALSE,TRUE,FALSE,FALSE,FALSE,FALSE,FALSE,FALSE,FALSE,FALSE
Senior Data Architect,"Software Methods, Inc.",Chadds Ford,PA,FALSE,FALSE,FALSE,FALSE,FALSE,FALSE,FALSE,FALSE,FALSE,FALSE,TRUE,TRUE,FALSE,FALSE
Data Scientist,Princeton Information Ltd,Tampa,FL,FALSE,FALSE,TRUE,TRUE,FALSE,FALSE,FALSE,TRUE,TRUE,FALSE,FALSE,FALSE,TRUE,FALSE
Cloud Big Data Architect,The Randy Neuringer Company,New York,NY,TRUE,TRUE,TRUE,FALSE,FALSE,FALSE,FALSE,TRUE,FALSE,FALSE,FALSE,FALSE,TRUE,FALSE
Big Data Practice Lead,Uniqsoft,Woodcliff Lake,NJ,TRUE,TRUE,FALSE,FALSE,FALSE,FALSE,FALSE,FALSE,FALSE,FALSE,FALSE,FALSE,FALSE,FALSE
Lead Data Warehouse Analyst,ConnectPoint Search Group,Stockton,CA,FALSE,FALSE,FALSE,FALSE,FALSE,FALSE,FALSE,FALSE,TRUE,FALSE,FALSE,TRUE,FALSE,FALSE
Data Architect,Datanomics,Tarrytown,NY,FALSE,FALSE,FALSE,FALSE,FALSE,FALSE,FALSE,FALSE,TRUE,FALSE,FALSE,FALSE,FALSE,FALSE
Data Warehouse Architect,"T and T Consulting Services, Inc",Washington,DC,FALSE,FALSE,FALSE,FALSE,FALSE,TRUE,FALSE,FALSE,TRUE,FALSE,FALSE,FALSE,FALSE,FALSE
Senior NetApp Storage Engineers for Data Center,CyberData Technologies,College Park,MD,FALSE,FALSE,FALSE,FALSE,FALSE,FALSE,FALSE,FALSE,FALSE,FALSE,FALSE,FALSE,FALSE,FALSE
Big Data Architect,Independent Software Inc.,Melville,NY,FALSE,FALSE,FALSE,FALSE,FALSE,FALSE,FALSE,FALSE,TRUE,TRUE,FALSE,FALSE,FALSE,FALSE
Senior Data Scientist,"Sevatec, Inc.",Fairfax,VA,TRUE,FALSE,TRUE,TRUE,FALSE,TRUE,FALSE,FALSE,FALSE,FALSE,FALSE,FALSE,FALSE,FALSE
Big Data Cloud Platform Engineer,"Request Technology, LLC",Irving,TX,TRUE,TRUE,FALSE,FALSE,FALSE,TRUE,TRUE,TRUE,TRUE,TRUE,FALSE,FALSE,FALSE,TRUE
Data Analyst,Benchmark IT LLC,Greenwich,CT,FALSE,FALSE,TRUE,TRUE,FALSE,FALSE,FALSE,FALSE,TRUE,FALSE,TRUE,FALSE,FALSE,FALSE
Big Data Engineer,Takashi USA,Mountain View,CA,TRUE,TRUE,FALSE,FALSE,FALSE,TRUE,FALSE,FALSE,FALSE,FALSE,FALSE,FALSE,FALSE,FALSE
Senior BI/ Data Warehouse ETL Developer,Corporate Systems Associates,South Windsor,CT,FALSE,FALSE,FALSE,TRUE,FALSE,FALSE,FALSE,FALSE,TRUE,FALSE,FALSE,TRUE,FALSE,FALSE
Data Architect 22692,"Solving IT International, Inc",Chicago,IL,FALSE,FALSE,FALSE,FALSE,FALSE,FALSE,FALSE,FALSE,TRUE,FALSE,FALSE,FALSE,FALSE,FALSE
Business Data Analyst - Banking/Real Estate,UnionBank,Brea,CA,FALSE,FALSE,FALSE,FALSE,FALSE,FALSE,FALSE,FALSE,TRUE,FALSE,FALSE,TRUE,FALSE,FALSE
Data Engineer,Omega Solutions Inc,San Francisco,CA,TRUE,FALSE,FALSE,FALSE,FALSE,TRUE,FALSE,TRUE,FALSE,FALSE,FALSE,FALSE,TRUE,FALSE
Big Data Platform Engineer,HireNetworks,Morrisville,NC,TRUE,TRUE,FALSE,FALSE,FALSE,TRUE,FALSE,TRUE,FALSE,FALSE,FALSE,FALSE,TRUE,FALSE
Data Management Practice Lead,"Omni Resources, Inc.",Milwaukee,WI,FALSE,FALSE,FALSE,FALSE,FALSE,TRUE,FALSE,TRUE,TRUE,FALSE,FALSE,FALSE,FALSE,FALSE
"Data Scientist (R, Python, AWS, Java, Scala, Analytics, JavaScript)",DBA Web Technologies,Moline,IL,FALSE,FALSE,TRUE,FALSE,FALSE,TRUE,FALSE,TRUE,FALSE,FALSE,FALSE,FALSE,FALSE,FALSE
Product Master Data Specialist,Optum Professional Staffing,City Of Industry,CA,FALSE,FALSE,FALSE,FALSE,FALSE,FALSE,FALSE,FALSE,TRUE,FALSE,FALSE,TRUE,FALSE,FALSE
Sr. Data Management Landscape Transformation & Optimization Consultant,SNP Transformations Inc,Irving,TX,FALSE,FALSE,FALSE,FALSE,FALSE,FALSE,FALSE,FALSE,FALSE,FALSE,FALSE,FALSE,FALSE,FALSE
Data Scientist,"2rbConsulting, Inc.",Tukwila,WA,FALSE,FALSE,TRUE,FALSE,FALSE,FALSE,FALSE,TRUE,TRUE,FALSE,FALSE,FALSE,FALSE,FALSE
Data Scientist/Big Data,Aroghia,Portland,OR,TRUE,TRUE,TRUE,TRUE,FALSE,TRUE,FALSE,TRUE,TRUE,FALSE,FALSE,FALSE,TRUE,FALSE
Big Data Lead(linkedin is a Key),IdeaHelix,San Francisco,CA,TRUE,TRUE,TRUE,FALSE,FALSE,TRUE,FALSE,TRUE,TRUE,FALSE,FALSE,FALSE,TRUE,FALSE
Data Security Team Lead,"Harvard Partners, LLP",Hartford,CT,FALSE,FALSE,FALSE,FALSE,FALSE,FALSE,FALSE,FALSE,FALSE,FALSE,FALSE,FALSE,FALSE,FALSE
Senior Data Engineer,AETEA Information Technology Inc,Plymouth Meeting,PA,TRUE,TRUE,FALSE,FALSE,FALSE,TRUE,FALSE,FALSE,TRUE,FALSE,FALSE,FALSE,FALSE,FALSE
Sr. Consultant Data Center,PSG Global Solutions,Philadelphia,PA,FALSE,FALSE,FALSE,FALSE,FALSE,FALSE,FALSE,FALSE,FALSE,FALSE,FALSE,FALSE,FALSE,FALSE
Principal Data Scientist,Veear,Holmdel,NJ,TRUE,FALSE,TRUE,FALSE,FALSE,TRUE,FALSE,TRUE,FALSE,FALSE,FALSE,FALSE,TRUE,FALSE
Data Modeler,Sumeru,Jersey City,NJ,TRUE,FALSE,FALSE,FALSE,FALSE,FALSE,FALSE,FALSE,TRUE,FALSE,FALSE,FALSE,FALSE,FALSE
Data Integration Developer - Analytics,"Endure Technology Solutions, Inc.",Union,NJ,TRUE,FALSE,FALSE,TRUE,FALSE,FALSE,FALSE,FALSE,TRUE,FALSE,FALSE,FALSE,FALSE,FALSE
Sr. Big Data DevOps,PT Systems,Newport Beach,CA,FALSE,TRUE,FALSE,FALSE,FALSE,TRUE,FALSE,TRUE,FALSE,FALSE,FALSE,FALSE,TRUE,FALSE
Data warehouse specialist,Bridget Morgan llc,Trumbull,CT,FALSE,FALSE,FALSE,FALSE,FALSE,FALSE,FALSE,FALSE,TRUE,FALSE,FALSE,TRUE,FALSE,FALSE
Data Engineer,SNI Companies dba SNI Technology,Cambridge,MA,FALSE,FALSE,FALSE,FALSE,FALSE,FALSE,FALSE,TRUE,FALSE,FALSE,FALSE,FALSE,FALSE,FALSE
Data Solutions Director,Business Centric Technology,Fort Worth,TX,FALSE,FALSE,FALSE,FALSE,FALSE,FALSE,FALSE,FALSE,TRUE,FALSE,FALSE,FALSE,FALSE,FALSE
Data and Analytics Solution Developer,"Superior Consulting Services, LLC",Burnsville,MN,FALSE,FALSE,FALSE,FALSE,FALSE,FALSE,FALSE,FALSE,TRUE,FALSE,FALSE,FALSE,FALSE,FALSE
Java Architect - Big Data,Comcentric Inc.,Englewood,CO,TRUE,TRUE,FALSE,FALSE,FALSE,TRUE,FALSE,FALSE,TRUE,FALSE,FALSE,FALSE,FALSE,FALSE
Enterprise Program Manager - Business Intelligence and Data Warehouse,Jacobson Staffing Inc,Saint Louis,MO,FALSE,FALSE,FALSE,FALSE,FALSE,FALSE,FALSE,FALSE,FALSE,FALSE,FALSE,FALSE,FALSE,FALSE